-- MySQL dump 10.13  Distrib 8.0.38, for Win64 (x86_64)
--
-- Host: 127.0.0.1    Database: trailerflix
-- ------------------------------------------------------
-- Server version	8.0.39

/*!40101 SET @OLD_CHARACTER_SET_CLIENT=@@CHARACTER_SET_CLIENT */;
/*!40101 SET @OLD_CHARACTER_SET_RESULTS=@@CHARACTER_SET_RESULTS */;
/*!40101 SET @OLD_COLLATION_CONNECTION=@@COLLATION_CONNECTION */;
/*!50503 SET NAMES utf8 */;
/*!40103 SET @OLD_TIME_ZONE=@@TIME_ZONE */;
/*!40103 SET TIME_ZONE='+00:00' */;
/*!40014 SET @OLD_UNIQUE_CHECKS=@@UNIQUE_CHECKS, UNIQUE_CHECKS=0 */;
/*!40014 SET @OLD_FOREIGN_KEY_CHECKS=@@FOREIGN_KEY_CHECKS, FOREIGN_KEY_CHECKS=0 */;
/*!40101 SET @OLD_SQL_MODE=@@SQL_MODE, SQL_MODE='NO_AUTO_VALUE_ON_ZERO' */;
/*!40111 SET @OLD_SQL_NOTES=@@SQL_NOTES, SQL_NOTES=0 */;

--
-- Table structure for table `actor`
--

DROP TABLE IF EXISTS `actor`;
/*!40101 SET @saved_cs_client     = @@character_set_client */;
/*!50503 SET character_set_client = utf8mb4 */;
CREATE TABLE `actor` (
  `actor_id` int NOT NULL AUTO_INCREMENT,
  `nombre` varchar(35) NOT NULL,
  PRIMARY KEY (`actor_id`),
  UNIQUE KEY `actor_id_UNIQUE` (`actor_id`)
) ENGINE=InnoDB AUTO_INCREMENT=841 DEFAULT CHARSET=utf8mb3;
/*!40101 SET character_set_client = @saved_cs_client */;

--
-- Dumping data for table `actor`
--

LOCK TABLES `actor` WRITE;
/*!40000 ALTER TABLE `actor` DISABLE KEYS */;
INSERT INTO `actor` VALUES (1,'Gwyneth Paltrow'),(2,'Pedro Pascal'),(3,'Florence Pugh'),(4,'David Harbour'),(5,'Carl Weathers'),(6,'Misty Rosas'),(7,'O.T. Fagbenle'),(8,'Rachel Weisz'),(9,'William Hurt'),(10,'Ray Winstone'),(11,'Kristen Wiig'),(12,'Jeff Daniels'),(13,'Michael Peña'),(14,'Sean Bean'),(15,'Kate Mara'),(16,'Alicia Vikander'),(17,'Domhnall Gleeson'),(18,'Oscar Isaac'),(19,'Sonoya Mizuno'),(20,'Corey Johnson'),(21,'Claire Selby'),(22,'Gana Bayarsaikhan'),(23,'Bryce Dallas Howard'),(24,'Chris Bartlett'),(25,'Chris Pratt'),(26,'Irrfan Khan'),(27,'Vincent D\'Onofrio'),(28,'Omar Sy'),(29,'Nick Robinson'),(30,'Judy Greer'),(31,'Will Smith'),(32,'Alice Braga'),(33,'Rio Hackford'),(34,'Giancarlo Esposito'),(35,'Tom Hopper'),(36,'David Castañeda'),(37,'Emmy Raver-Lampman'),(38,'Robert Sheehan'),(39,'Aidan Gallagher'),(40,'Elliot Page'),(41,'Anya Taylor-Joy'),(42,'Thomas Brodie-Sangster'),(43,'Harry Melling'),(44,'Moses Ingram'),(45,'Chloe Pirrie'),(46,'Janina Elkin'),(47,'Lili Reinhart'),(48,'Casey Cott'),(49,'Camila Mendes'),(50,'Marisol Nichols'),(51,'Madelaine Petsch'),(52,'Mädchen Amick'),(53,'Claire Fox'),(54,'Olivia Colman'),(55,'Charlie Tahan'),(56,'Matt Smith'),(57,'Tobias Menzies'),(58,'Dash Mihok'),(59,'Salli Richardson-Whitfield'),(60,'Willow Smith'),(61,'Emma Thompson'),(62,'Ryan Gosling'),(63,'Claire Foy'),(64,'Jason Clarke'),(65,'Kyle Chandler'),(66,'Corey Stoll'),(67,'Patrick Fugit'),(68,'John Boyega'),(69,'Scott Eastwood'),(70,'Cailee Spaeny'),(71,'Jing Tian'),(72,'Rinko Kikuchi'),(73,'Burn Gorman'),(74,'Ahston Kutcher'),(75,'Dermot Mulroney'),(76,'Josh Gad'),(77,'Lukas Haas'),(78,'Matthew Modine'),(79,'J.K. Simmons'),(80,'Lesley Ann Warren'),(81,'Noah Wyle'),(82,'Anthony Michael'),(83,'Vanesa Kirby'),(84,'Joey Slotnick'),(85,'J.G. Hertzler'),(86,'Helena Bonham Carter'),(87,'Wayne Pére'),(88,'Millie Bobby Brown'),(89,'Henry Cavill'),(90,'Sheila Shaw'),(91,'Sam Claflin'),(92,'Gemma Zamprogna'),(93,'Louis Partridge'),(94,'John DiMaggio'),(95,'Adeel Akhtar'),(96,'Jesse Eisenberg'),(97,'Andrew Garfield'),(98,'Joaquin Phoenix'),(99,'Justin Timberlake'),(100,'Robert De Niro'),(101,'Armie Hammer'),(102,'Zazie Beetz'),(103,'Max Minghella'),(104,'Frances Conroy'),(105,'Rooney Mara'),(106,'Brenda Song'),(107,'Brett Cullen'),(108,'Rashida Jones'),(109,'Shea Whigham'),(110,'John Gertz'),(111,'Robert Downey Jr.'),(112,'Ryan Phillippe'),(113,'Rachael Leigh Cook'),(114,'Chris Evans'),(115,'Mark Ruffalo'),(116,'Chris Hemsworth'),(117,'Scarlett Johansson'),(118,'Jeremy Renner'),(119,'Tim Robbins'),(120,'Claire Forlani'),(121,'Richard Rountree'),(122,'Tygh Runyan'),(123,'Emilia Clarke'),(124,'Ned Bellamy'),(125,'Tyler Labine'),(126,'Lena Headey'),(127,'Anna Kendrick'),(128,'Sophie Turner'),(129,'Daniel Dae Kim'),(130,'Kit Harington'),(131,'Shamier Anderson'),(132,'Peter Dinklage'),(133,'Toni Collette'),(134,'Nikolaj Coster-Waldau'),(135,'Ben Affleck'),(136,'Grant Gustin'),(137,'Gal Gadot'),(138,'Carlos Valdes'),(139,'Jason Momoa'),(140,'Danielle Panabaker'),(141,'Ezra Miller'),(142,'Candice Patton'),(143,'Ray Fisher'),(144,'Jesse L. Martin'),(145,'Amy Adams'),(146,'Tom Cavanagh'),(147,'Jeremy Irons'),(148,'Jim Parsons'),(149,'Connie Nielsen'),(150,'Johnny Galecki'),(151,'Charlie Sheen'),(152,'Kaley Cuoco'),(153,'Jon Cryer'),(154,'Simon Helberg'),(155,'Angus T. Jones'),(156,'Kunal Nayyar'),(157,'Conchata Ferrel'),(158,'Holland Taylor'),(159,'Melissa Rauch'),(160,'Marin Hinkle'),(161,'Mayim Bialik'),(162,'Jennifer Aniston'),(163,'Courteney Cox'),(164,'Lisa Kudrow'),(165,'David Schwimmer'),(166,'Jennifer Bini Taylor'),(167,'Matthew Perry'),(168,'Melanie Lynskey'),(169,'Ashton Kutcher'),(170,'Amber Tamblyn'),(171,'Úrsula Corberó'),(172,'Matt LeBlanc'),(173,'Álvaro Morte'),(174,'Amybeth McNulty'),(175,'Itziar Ituño'),(176,'Geraldine James'),(177,'Pedro Alonso'),(178,'Alba Flores'),(179,'R. H. Thomson'),(180,'Miguel Herrán'),(181,'Corrine Koslo'),(182,'Jaime Lorente'),(183,'Dalila Bela'),(184,'Esther Acebo'),(185,'Lucas Jade Zumann'),(186,'Enrique Arce'),(187,'Gillian Anderson'),(188,'Winona Ryder'),(189,'David Duchovny'),(190,'Finn Wolfhard'),(191,'Mitch Pileggi'),(192,'Gaten Matarazzo'),(193,'Robert Patrick'),(194,'Caleb McLaughlin'),(195,'Natalia Dyer'),(196,'Tom Braidwood'),(197,'Charlie'),(198,'Bruce Harwood'),(199,'Heaton'),(200,'Jared Harris'),(201,'Stellan Skarsgård'),(202,'Joe Keery'),(203,'Sandra Bullock'),(204,'George Clooney'),(205,'Emily Watson'),(206,'Paul Ritter'),(207,'Orto Ignatiussen'),(208,'Jessie Buckley'),(209,'Phaldut Sharma'),(210,'Adam Nagaitis'),(211,'Amy Warren'),(212,'Evan Rachel Wood'),(213,'Basher Savage'),(214,'Thandiwe Newton'),(215,'Adam Cozens'),(216,'Jeffrey Wright'),(217,'Jaeden Martell'),(218,'Tessa Thompson'),(219,'Jeremy Ray'),(220,'Ed Harris'),(221,'Sophia Lillis'),(222,'Chosen Jacobs'),(223,'Jack Dylan'),(224,'Luke Hemsworth'),(225,'Wyatt Oleff'),(226,'Rodrigo Santoro'),(227,'Simon Quarterman'),(228,'Clifton Collins Jr.'),(229,'Anthony Hopkins'),(230,'Nicholas Hamilton'),(231,'Tom Hanks'),(232,'Bill Paxton'),(233,'Kevin Bacon'),(234,'Gary Sinise'),(235,'Kathleen Quinlan'),(236,'Roger Corman'),(237,'Ingrid Bolsø Berdal'),(238,'Chris Ellis'),(239,'Angela Sarafyan'),(240,'Shannon Woodward'),(241,'Xander Berkeley'),(242,'Talulah Riley'),(243,'Liev Schreiber'),(244,'Julia Stiles'),(245,'Seamus Davey-Fitzpatrick'),(246,'Louis Herthum'),(247,'David Thewils'),(248,'Ben Barnes'),(249,'Jimmi Simpson'),(250,'Leonardo Nam'),(251,'Aaron Paul'),(252,'Vincent Cassel'),(253,'Izabella Alvarez'),(254,'Jeff Daniel Phillips'),(255,'Lee Pace'),(256,'Pete Postlethwaite'),(257,'Scoot McNairy'),(258,'Mia Farrow'),(259,'Mackenzie Davis'),(260,'Kerry Bishé'),(261,'Toby Huss'),(262,'Alana Cavanaugh'),(263,'Predrag Bjelac'),(264,'Carlo Sabatini'),(265,'Amy Huck'),(266,'Jessica Chastain'),(267,'Ellen Burstyn'),(268,'John Malkovich'),(269,'Colin Farrell'),(270,'Linda Blair'),(271,'Common'),(272,'Max von Sydow'),(273,'Geena Davis'),(274,'Ioan Gruffudd'),(275,'Lee J. Cobb'),(276,'Margot Robbie'),(277,'Kitty Winn'),(278,'Ewan McGregor'),(279,'Mary Elizabeth Winstead'),(280,'Jack MacGowran'),(281,'Jurnee Smollett'),(282,'Rosie Perez'),(283,'Jason Miller'),(284,'William O\'Malley'),(285,'Chris Messina'),(286,'Barton Heyman'),(287,'Stacy Martin'),(288,'Rainn Wilson'),(289,'Rhona Mitra'),(290,'Theo James'),(291,'Steve Carell'),(292,'Peter Ferdinando'),(293,'Lia Williams'),(294,'Toby Jones'),(295,'Miranda Cosgrove'),(296,'Kate Walsh'),(297,'Jenna Fischer'),(298,'Omar Epps'),(299,'Angus Macfadyen'),(300,'John Krasinski'),(301,'Jorja Fox'),(302,'B.J. Novak'),(303,'Enver Gjokaj'),(304,'Kate Flannery'),(305,'Brian Baumgartner'),(306,'Bill Skarsgård'),(307,'Leslie David Baker'),(308,'Bill Hader'),(309,'Mindy Kaling'),(310,'James McAvoy'),(311,'Isaiah Mustafa'),(312,'Jay Ryan'),(313,'Chadwick Boseman'),(314,'Angela Kinsey'),(315,'Michael B. Jordan'),(316,'Freddie Highmore'),(317,'Lupita Nyong\'o'),(318,'Danai Gurira'),(319,'Antonia Thomas'),(320,'Martin Freeman'),(321,'Daniel Kaluuya'),(322,'Hill Harper'),(323,'Christian Bale'),(324,'Richard Schiff'),(325,'Matt Damon'),(326,'Caitriona Balfe'),(327,'Christina Chang'),(328,'Josh Lucas'),(329,'Paige Spara'),(330,'Noah Jupe'),(331,'Fiona Gubelmann'),(332,'Jon Bernthal'),(333,'Génesis Rodríguez'),(334,'Vincent Piazza'),(335,'Benjamin Sokolow'),(336,'Will Yun Lee'),(337,'Emily Bayiokos'),(338,'Nicholas Gonzalez'),(339,'Amy Manson'),(340,'Luke Allen-Gale'),(341,'Eddie Redmayne'),(342,'Felicity Jones'),(343,'Nina Bergman'),(344,'Charlie Cox'),(345,'Dominic Mafham'),(346,'Simon McBurney'),(347,'James Weber Brown'),(348,'Lorina Kamburova'),(349,'David Thewlis'),(350,'Marion Cotillard'),(351,'Maxine Peake'),(352,'Laurence Fishburne'),(353,'Jude Law'),(354,'Harry Lloyd'),(355,'Kate Winslet'),(356,'Tom Prior'),(357,'Benedict Cumberbatch'),(358,'Keira Knightley'),(359,'Matthew Goode'),(360,'Rory Kinnear'),(361,'Jennifer Ehle'),(362,'Allen Leech'),(363,'Matthew Beard'),(364,'Charles Dance'),(365,'Mark Strong'),(366,'James Northcote'),(367,'Taraji P. Henson'),(368,'Octavia Spencer'),(369,'Janelle Monáe'),(370,'Kevin Costner'),(371,'Kirsten Dunst'),(372,'Mahershala Ali'),(373,'Glen Powell'),(374,'Ariana Neal'),(375,'Russell Crowe'),(376,'Jennifer Connelly'),(377,'Paul Bettany'),(378,'Christopher Plummer'),(379,'Adam Goldberg'),(380,'Anthony Rapp'),(381,'Judd Hirsch'),(382,'Jennifer Lawrence'),(383,'Michael Sheen'),(384,'Andy García'),(385,'Rebekah Staton'),(386,'Aurora Perrineau'),(387,'Kristin Brock'),(388,'Rhashan Stone'),(389,'Phoebe Fox'),(390,'Julee Cerda'),(391,'Fred Melamed'),(392,'Anne Hathaway'),(393,'Patrick Wilson'),(394,'Andre Braugher'),(395,'Dianne Wiest'),(396,'David Morse'),(397,'Jimi Mistry'),(398,'William B. Davis'),(399,'Cherry Jones'),(400,'Ryan Robbins'),(401,'Alice Eve'),(402,'Clea DuVall'),(403,'Susannah Fielding'),(404,'Don Thompson'),(405,'Bryan Cranston'),(406,'Alan Arkin'),(407,'John Goodman'),(408,'Victor Garber'),(409,'Tate Donovan'),(410,'Rory Cochrane'),(411,'Noomi Rapace'),(412,'Michael Fassbender'),(413,'Charlize Theron'),(414,'Logan Marshall-Green'),(415,'Guy Pearce'),(416,'Demetri Goritsas'),(417,'Idris Elba'),(418,'Kadiff Kirwan'),(419,'Sean Harris'),(420,'Sope Dirisu'),(421,'Jackson Bews'),(422,'Rafe Spall'),(423,'Kate Dickie'),(424,'Annabel Davis'),(425,'Emut Elliott'),(426,'Billy Griffin Jr.'),(427,'Benedict Wong'),(428,'Paul Lawrence Kitson'),(429,'Lucy Hutchinson'),(430,'Jeff Mash'),(431,'Ian Whyte'),(432,'Branwell Donaghey'),(433,'Vladimir Furdik'),(434,'Patrick Kennedy'),(435,'C.C. Smiff'),(436,'Lydia Wilson'),(437,'Alastair Mackenzie'),(438,'Chetna Pandya'),(439,'Shane Steyn'),(440,'Tuppence Middleton'),(441,'John Lebar'),(442,'Katherine Waterston'),(443,'Billy Crudup'),(444,'Ian Bonar'),(445,'Danny McBride'),(446,'Elisabeth Hopper'),(447,'Demián Bichir'),(448,'Nick Bartlett'),(449,'Carmen Ejogo'),(450,'Wunmi Mosaku'),(451,'Jussie Smollett'),(452,'Alex Lawther'),(453,'Callie Hernandez'),(454,'Jerome Flynn'),(455,'Amy Seimetz'),(456,'Susannah Doyle'),(457,'Nathaniel Dean'),(458,'Madeline Brewer'),(459,'Alexander England'),(460,'Benjamin Rigby'),(461,'Uli Latukefu'),(462,'Tess Haubrich'),(463,'Andrew Crawford'),(464,'Guy Pierce'),(465,'James Franco'),(466,'Javier Botet'),(467,'Jake Gyllenhaal'),(468,'Rebecca Ferguson'),(469,'Ryan Reynolds'),(470,'Hiroyuki Sanada'),(471,'Airyon Bakare'),(472,'Olga Dihovichnaya'),(473,'Naoko Mori'),(474,'Haruka Kuroda'),(475,'Camiel Warren-Taylor'),(476,'Ariane Labed'),(477,'Rosamund Pike'),(478,'Sarah Snook'),(479,'Michael Kelly'),(480,'Sam Riley'),(481,'Aneurin Barnard'),(482,'Jola Bokinni'),(483,'Simon Russell Beale'),(484,'Faye Marsay'),(485,'Jonathan Aris'),(486,'Jonas Karlsson'),(487,'Tim Woodward'),(488,'Eugene O\'Hare'),(489,'Katherine Parkinson'),(490,'Indira Ainger'),(491,'Chris O\'Dowd'),(492,'James Lance'),(493,'Richard Ayoade'),(494,'David Ajala'),(495,'Matt Berry'),(496,'Sarah Abbott'),(497,'Jake Davies'),(498,'Clint Dyer'),(499,'Letitia Wright'),(500,'Noel Fielding'),(501,'Peter Serafinowicz'),(502,'Graham Linehan'),(503,'Babs Olusanmokun'),(504,'Tom Binns'),(505,'Georgina Campbell'),(506,'Lewis Macleod'),(507,'Jesse Plemons'),(508,'Gemma Chan'),(509,'Aldis Hodge'),(510,'Kiran Sonia Sawar'),(511,'Emily Berrington'),(512,'Lucy Carless'),(513,'Miley Cyrus'),(514,'Colin Morgan'),(515,'Anthony Mackie'),(516,'Theo Stevenson'),(517,'Nicole Beharie'),(518,'Pixie Davies'),(519,'Gugu Mbatha-Raw'),(520,'Tom Goodman-Hill'),(521,'Simona Brown'),(522,'Ivanno Jeremiah'),(523,'Eve Hewson'),(524,'Ruth Bradley'),(525,'Toma Bateman'),(526,'Will Tudor'),(527,'Robert Aramayo'),(528,'Neil Maskell'),(529,'Tyler Howitt'),(530,'Georgie Glen'),(531,'Billy Jenkins'),(532,'Bella Dayne'),(533,'Kamontip Krissy Ashton'),(534,'Thusitha Jayasumdera'),(535,'Rob Horrocks'),(536,'Danny Webb'),(537,'Joakim Skarli'),(538,'Olivia Wilde'),(539,'Matt Letscher'),(540,'Carrie-Anne Moss'),(541,'Portia Doubleday'),(542,'Dominic Cooper'),(543,'Imogen Poots'),(544,'Ramón Rodríguez'),(545,'Michael Keaton'),(546,'Rami Malek'),(547,'Kid Cudi'),(548,'Dakota Johnson'),(549,'Harrison Gilbertson'),(550,'Carmela Zumbado'),(551,'Spike Jonze'),(552,'Jalil Jay Lynch'),(553,'Tom Cruise'),(554,'Nick Chinlund'),(555,'Jon Voight'),(556,'Chad Randall'),(557,'Emmanuelle Béart'),(558,'Julianne Nicholson'),(559,'Henry Czerny'),(560,'Jean Smart'),(561,'Jean Reno'),(562,'Ving Rhames'),(563,'Kristin Scott Thomas'),(564,'Angourie Rice'),(565,'Evan Peters'),(566,'Sosie Bacon'),(567,'David Denman'),(568,'Vanessa Redgrave'),(569,'Neal Huff'),(570,'Ingeborga Dapkünaitè'),(571,'James McArdle'),(572,'Elizabeth Debicki'),(573,'John Douglas Thompson'),(574,'Luca Calvani'),(575,'Joe Tippett'),(576,'Sylvester Groth'),(577,'Cameron Mann'),(578,'Hugh Grant'),(579,'Chinasa Ogbuagu'),(580,'Christian Berkel'),(581,'Jamie Foxx'),(582,'Misha Kuznetsov'),(583,'Kerry Washington'),(584,'Guy Williams'),(585,'Marianna Di Martino'),(586,'Dwayne Johnson'),(587,'Regina King'),(588,'Kevin Hart'),(589,'Harry Lennix'),(590,'Jack Black'),(591,'Karen Gillan'),(592,'Nick Jonas'),(593,'Clifton Powell'),(594,'Bokeem Woodbine'),(595,'Sharon Warren'),(596,'Rhys Darby'),(597,'C.J. Sanders'),(598,'Bobby Cannavale'),(599,'Curtis Armstrong'),(600,'Alex Wolff'),(601,'Michaela Coel'),(602,'Ser\'Darius Blain'),(603,'Daniel Lapaine'),(604,'Hannah John-Kamen'),(605,'Andrew Roux'),(606,'Claire Keelan'),(607,'Sinéad Matthews'),(608,'Anna Wilson-Jones'),(609,'Paul Popplewell'),(610,'Julia Davis'),(611,'Ashley Thomas'),(612,'Kerrie Hayes'),(613,'Amy Beth Hayes'),(614,'Madison Iseman'),(615,'Morgan Turner'),(616,'Sean Buxton'),(617,'Mason Guccione'),(618,'Colin Hanks'),(619,'Awkwafina'),(620,'Danny DeVito'),(621,'Danny Glover'),(622,'Chris Pine'),(623,'Robin Wright'),(624,'Lilly Aspell'),(625,'Amr Waked'),(626,'Kristoffer Polaha'),(627,'Jeffrey Tambor'),(628,'Cynthia Addai-Robinson'),(629,'John Lithgow'),(630,'Andy Umberger'),(631,'Alison Wright'),(632,'Daeg Faerch'),(633,'Seth Lee'),(634,'Tait Fletcher'),(635,'Angel Giuffria'),(636,'Ron Yuan'),(637,'Scott Hunter'),(638,'Dennis Keiffer'),(639,'Jake Presley'),(640,'Hugh Jackman'),(641,'Allison Janney'),(642,'Geraldine Viswanathan'),(643,'Rafael Casal'),(644,'Stephen Spinella'),(645,'Annaleigh Ashford'),(646,'Ray Romano'),(647,'Hari Dhillon'),(648,'Jeremy Shamos'),(649,'Stephanie Kurtzuba'),(650,'Catherine Curtin'),(651,'Kathrine Narducci'),(652,'Ray Abruzzo'),(653,'Ben Stiller'),(654,'Robin Williams'),(655,'Carla Gugino'),(656,'Dick Van Dyke'),(657,'Steve Coogan'),(658,'Jake Cherry'),(659,'Mickey Rooney'),(660,'Bill Cobbs'),(661,'Owen Wilson'),(662,'Ricky Gervais'),(663,'Kim Raver'),(664,'Mizuo Peck'),(665,'Gwilym Lee'),(666,'Ben Hardy'),(667,'Joseph Mazzello'),(668,'Lucy Boynton'),(669,'Aidan Gillen'),(670,'Tom Hollander'),(671,'Mike Myers'),(672,'Julianne Hough'),(673,'Diego Boneta'),(674,'Alec Baldwin'),(675,'Russell Brand'),(676,'Malin Åkerman'),(677,'Paul Giamatti'),(678,'Catherine Zeta-Jones'),(679,'Mary J. Blige'),(680,'Erica Frene'),(681,'Shane Hartline'),(682,'James Martin Kelly'),(683,'Will Forte'),(684,'Eli Roth'),(685,'Joel Courtney'),(686,'Elle Fanning'),(687,'Riley Griffiths'),(688,'Noah Emmerich'),(689,'AJ Michalka'),(690,'Ryan Lee'),(691,'Ron Eldard'),(692,'Gabriel Basso'),(693,'Justice Smith'),(694,'Daniella Pineda'),(695,'James Cromwell'),(696,'Ted Levine'),(697,'Jeff Goldblum'),(698,'BD Wong'),(699,'Geraldine Chaplin'),(700,'Isabella Sermon'),(701,'Kevin Layne'),(702,'Harrison Ford'),(703,'Shia LaBeouf'),(704,'Cate Blanchett'),(705,'Karen Allen'),(706,'John Hurt'),(707,'Jim Broadbent'),(708,'Igor Jijikine'),(709,'Dimitri Diatchenko'),(710,'Sean Astin'),(711,'Josh Brolin'),(712,'Jeff Cohen'),(713,'Corey Feldman'),(714,'Kerri Green'),(715,'Martha Plimpton'),(716,'Jonathan Ke Quan'),(717,'John Matuszak'),(718,'Robert Davi'),(719,'Bonnie Hunt'),(720,'Paul Newman'),(721,'Larry the Cable Guy'),(722,'Tony Shalhoub'),(723,'Cheech Marin'),(724,'Michael Wallis'),(725,'George Carlin'),(726,'Paul Dooley'),(727,'Chris Miller'),(728,'Tom McGrath'),(729,'Danny Jacobs'),(730,'Andy Richter'),(731,'Nicole Sullivan'),(732,'Christopher Knights'),(733,'Wayne Knight'),(734,'Dale Midkiff'),(735,'Fred Gwynne'),(736,'Denise Crosby'),(737,'Brad Greenquist'),(738,'Michael Lombard'),(739,'Miko Hughes'),(740,'Blaze Berdahl'),(741,'Susan Blommaert'),(742,'Mara Clark'),(743,'Craig T. Nelson'),(744,'JoBeth Williams'),(745,'Beatrice Straight'),(746,'Dominique Dunne'),(747,'Oliver Robins'),(748,'Heather O\'Rourke'),(749,'Michael McManus'),(750,'Virginia Kiser'),(751,'Martin Casella'),(752,'Audrey Tautou'),(753,'Ian McKellen'),(754,'Alfred Molina'),(755,'Jürgen Prochnow'),(756,'Jean-Yves Berteloot'),(757,'Etienne Chicot'),(758,'Rowan Atkinson'),(759,'Natalie Imbruglia'),(760,'Ben Miller'),(761,'Greg Wise'),(762,'Tasha de Vasconcelos'),(763,'Douglas McFerran'),(764,'Steve Nicolson'),(765,'Terence Harvey'),(766,'Frances McDormand'),(767,'Kate Hudson'),(768,'Jason Lee'),(769,'Zoey Deschanel'),(770,'Michael Angarano'),(771,'Anna Paquin'),(772,'Fairuza Balk'),(773,'Joan Cusack'),(774,'Mike White'),(775,'Sarah Silverman'),(776,'Lee Wilkof'),(777,'Kate McGregor-Stewart'),(778,'Adam Pascal'),(779,'Suzzane Douglas'),(780,'Macaulay Culkin'),(781,'Joe Pesci'),(782,'Daniel Stern'),(783,'John Heard'),(784,'Catherine O\'Hara'),(785,'Roberts Blossom'),(786,'Devin Ratray'),(787,'Michael C. Maronna'),(788,'Hillary Wolf'),(789,'Vince Vaughn'),(790,'Will Ferrell'),(791,'Rose Byrne'),(792,'Aasif Mandvi'),(793,'Josh Brener'),(794,'Dylan O\'Brien'),(795,'Tiya Sircar'),(796,'Tobit Raphael'),(797,'Jessica Szohr'),(798,'Rob Riggle'),(799,'Eric André'),(800,'Harvey Guillén'),(801,'Gary Anthony Williams'),(802,'Bruno Amato'),(803,'Karen Ceesay'),(804,'Rebecca Hazlewood'),(805,'Sacha Dhawan'),(806,'Diedrich Bader'),(807,'Pippa Black'),(808,'Parvesh Ceena'),(809,'Thushari Jayasekera'),(810,'Ben Rappaport'),(811,'Guru Singh'),(812,'Rizwan Manji'),(813,'Anisha Nagarajan'),(814,'Carla Gallo'),(815,'Radhika Chaudhari'),(816,'Nicholas Logan'),(817,'Blake Lively'),(818,'Óscar Jaenada'),(819,'Janelle Bailley'),(820,'Chelsea Moody'),(821,'Angelo Josue Lozano Corzo'),(822,'José Manuel Trujillo Salas'),(823,'Sedona Legge'),(824,'Pablo Calva'),(825,'John Hawkes'),(826,'Sam Worthington'),(827,'Martin Henderson'),(828,'Thomas M. Wright'),(829,'Clive Standen'),(830,'Mia Goth'),(831,'Vanessa Kirby'),(832,'Raúl Juliá'),(833,'Anjelica Huston'),(834,'Christopher Lloyd'),(835,'Christina Ricci'),(836,'Carel Struycken'),(837,'Dan Hedaya'),(838,'Jimmy Workman'),(839,'Elizabeth Wilson'),(840,'Dana Ivey');
/*!40000 ALTER TABLE `actor` ENABLE KEYS */;
UNLOCK TABLES;

--
-- Table structure for table `categoria`
--

DROP TABLE IF EXISTS `categoria`;
/*!40101 SET @saved_cs_client     = @@character_set_client */;
/*!50503 SET character_set_client = utf8mb4 */;
CREATE TABLE `categoria` (
  `Cat_id` int NOT NULL AUTO_INCREMENT,
  `nombre` varchar(25) NOT NULL,
  PRIMARY KEY (`Cat_id`),
  UNIQUE KEY `Cat_id` (`Cat_id`)
) ENGINE=InnoDB AUTO_INCREMENT=3 DEFAULT CHARSET=utf8mb3;
/*!40101 SET character_set_client = @saved_cs_client */;

--
-- Dumping data for table `categoria`
--

LOCK TABLES `categoria` WRITE;
/*!40000 ALTER TABLE `categoria` DISABLE KEYS */;
INSERT INTO `categoria` VALUES (1,'Serie'),(2,'Película');
/*!40000 ALTER TABLE `categoria` ENABLE KEYS */;
UNLOCK TABLES;

--
-- Table structure for table `contenido`
--

DROP TABLE IF EXISTS `contenido`;
/*!40101 SET @saved_cs_client     = @@character_set_client */;
/*!50503 SET character_set_client = utf8mb4 */;
CREATE TABLE `contenido` (
  `peli_id` int NOT NULL AUTO_INCREMENT,
  `poster` varchar(50) DEFAULT NULL,
  `titulo` varchar(60) DEFAULT NULL,
  `Cat_id` int DEFAULT NULL,
  `genero` int DEFAULT NULL,
  `busqueda` text,
  `resumen` text,
  `temporadas` varchar(10) DEFAULT NULL,
  `reparto` text,
  `duracion` int DEFAULT NULL,
  `trailer` text,
  PRIMARY KEY (`peli_id`),
  UNIQUE KEY `peli_id` (`peli_id`),
  KEY `contenido_fk3` (`Cat_id`),
  CONSTRAINT `contenido_fk3` FOREIGN KEY (`Cat_id`) REFERENCES `categoria` (`Cat_id`)
) ENGINE=InnoDB AUTO_INCREMENT=110 DEFAULT CHARSET=utf8mb3;
/*!40101 SET character_set_client = @saved_cs_client */;

--
-- Dumping data for table `contenido`
--

LOCK TABLES `contenido` WRITE;
/*!40000 ALTER TABLE `contenido` DISABLE KEYS */;
INSERT INTO `contenido` VALUES (1,'./posters/1.jpg','The Crown',1,8,'The Crown, Drama, Suceso Real, Claire Fox, Olivia Colman, Matt Smith, Tobias Menzies, Vanesa Kirby, Helena Bonham Carter','Este drama narra las rivalidades políticas y el romance de la reina Isabel II, así como los sucesos que moldearon la segunda mitad del siglo XX.','4','Claire Fox, Olivia Colman, Matt Smith, Tobias Menzies, Vanesa Kirby, Helena Bonham Carter',NULL,'https://www.youtube.com/embed/JWtnJjn6ng0'),(2,'./posters/2.jpg','Riverdale',1,4,'Riverdale, Drama, Misterio, Ficción, Lili Reinhart, Casey Cott, Camila Mendes, Marisol Nichols, Madelaine Petsch, Mädchen Amick','El paso a la edad adulta incluye sexo, romance, escuela y familia. Para Archie y sus amigos, también hay misterios oscuros.','5','Lili Reinhart, Casey Cott, Camila Mendes, Marisol Nichols, Madelaine Petsch, Mädchen Amick',NULL,'https://www.youtube.com/embed/HxtLlByaYTc'),(3,'./posters/3.jpg','The Mandalorian',1,20,'The Mandalorian, Sci-Fi, Fantasía, Suspenso, Pedro Pascal, Carl Weathers, Misty Rosas, Chris Bartlett, Rio Hackford, Giancarlo Esposito','Ambientada tras la caída del Imperio y antes de la aparición de la Primera Orden, la Serie sigue los pasos de un pistolero solitario en las aventuras que protagoniza en los confines de la galaxia, donde no alcanza la autoridad de la Nueva República.','2','Pedro Pascal, Carl Weathers, Misty Rosas, Chris Bartlett, Rio Hackford, Giancarlo Esposito',NULL,'https://www.youtube.com/embed/aOC8E8z_ifw'),(4,'./posters/4.jpg','The Umbrella Academy',1,20,'The Umbrella Academy, Sci-Fi, Fantasía, Drama, Tom Hopper, David Castañeda, Emmy Raver-Lampman, Robert Sheehan, Aidan Gallagher, Elliot Page','La muerte de su padre reúne a unos hermanos distanciados y con extraordinarios poderes que descubren impactantes secretos y una amenaza que se cierne sobre la humanidad.','1','Tom Hopper, David Castañeda, Emmy Raver-Lampman, Robert Sheehan, Aidan Gallagher, Elliot Page',NULL,'https://www.youtube.com/embed/KHucKOK-Vik'),(5,'./posters/5.jpg','Gambito de Dama',1,4,'Gambito de Dama, Drama, Ficción, Sucesos, Anya Taylor-Joy, Thomas Brodie-Sangster, Harry Melling, Moses Ingram, Chloe Pirrie, Janina Elkin','En los cincuenta, una joven de un orfanato descubre que tiene un increíble don para el ajedrez y recorre el arduo camino a la fama mientras lucha contra las adicciones.','1','Anya Taylor-Joy, Thomas Brodie-Sangster, Harry Melling, Moses Ingram, Chloe Pirrie, Janina Elkin',NULL,'https://www.youtube.com/embed/lbleRbyGKL4'),(6,'./posters/6.jpg','Enola Holmes',2,4,'Enola Holmes, Ficción, Drama, Misterio, Millie Bobby Brown, Henry Cavill, Sam Claflin, Helena Bonham Carter, Louis Partridge, Adeel Akhtar','La hermana menor de Sherlock, descubre que su madre ha desaparecido y se dispone a encontrarla. En su búsqueda, saca a relucir el sabueso que corre por sus venas y se encuentra con una conspiración que gira en torno a un misterioso lord, demostrando que su ilustre hermano no es el único talento en la familia.',NULL,'Millie Bobby Brown, Henry Cavill, Sam Claflin, Helena Bonham Carter, Louis Partridge, Adeel Akhtar',97,'https://www.youtube.com/embed/3t1g2pa355k'),(7,'./posters/7.jpg','Guasón',2,10,'Guasón, The Joker, Crimen, Suspenso, Drama, DC Comics, Joaquin Phoenix, Robert De Niro, Zazie Beetz, Frances Conroy, Brett Cullen, Shea Whigham','Arthur Fleck (Phoenix) es un hombre ignorado por la sociedad, cuya motivación en la vida es hacer reír. Pero una Serie de trágicos acontecimientos le llevarán a ver el mundo de otra forma. Película basada en el popular personaje de DC Comics Joker, conocido como archivillano de Batman, pero que en este film tomará un cariz más realista y oscuro.',NULL,'Joaquin Phoenix, Robert De Niro, Zazie Beetz, Frances Conroy, Brett Cullen, Shea Whigham',97,'https://www.youtube.com/embed/zAGVQLHvwOY'),(8,'./posters/8.jpg','Avengers: End Game',2,20,'Vengadores, Los vengadores, Marvel, The Avengers: End Game, Aventura, Sci-Fi, Acción, Robert Downey Jr., Chris Evans, Mark Ruffalo, Chris Hemsworth, Scarlett Johansson, Jeremy Renner','Después de los devastadores eventos de los Vengadores: Infinity War (2018), el universo está en ruinas. Con la ayuda de los aliados restantes, los Vengadores se reúnen una vez más para revertir las acciones de Thanos y restaurar el equilibrio del universo.',NULL,'Robert Downey Jr., Chris Evans, Mark Ruffalo, Chris Hemsworth, Scarlett Johansson, Jeremy Renner',97,'https://www.youtube.com/embed/TcMBFSGVi1c'),(9,'./posters/9.jpg','Juego de tronos',1,2,'Juego de tronos, Game of Thrones, Aventura, Fantasía, Drama, Emilia Clarke, Lena Headey, Sophie Turner, Kit Harington, Peter Dinklage, Nikolaj Coster-Waldau','En un mundo fantástico y en un contexto medieval varias familias, relativas a la nobleza, se disputan el poder para dominar el territorio ficticio de Poniente (Westeros) y tomar el control de los Siete Reinos desde el Trono de Hierro, lugar donde el rey ejerce el poder.','8','Emilia Clarke, Lena Headey, Sophie Turner, Kit Harington, Peter Dinklage, Nikolaj Coster-Waldau',NULL,'https://www.youtube.com/embed/KPLWWIOCOOQ'),(10,'./posters/10.jpg','The Flash',1,20,'The Flash, DC Comics, Sci-Fi, Fantasía, Acción, Grant Gustin, Carlos Valdes, Danielle Panabaker, Candice Patton, Jesse L. Martin, Tom Cavanagh','Sigue las veloces aventuras de Barry Allen, un joven común y corriente con el deseo latente de ayudar a los demás. Cuando una inesperada partícula aceleradora golpea por accidente a Barry, de pronto se encuentra cargado de un increíble poder para moverse a increíbles velocidades. Mientras Barry siempre ha tenido el alma de un héroe, sus nuevos poderes le han dado la capacidad de actuar como tal.','6','Grant Gustin, Carlos Valdes, Danielle Panabaker, Candice Patton, Jesse L. Martin, Tom Cavanagh',NULL,'https://www.youtube.com/embed/Yj0l7iGKh8g'),(11,'./posters/11.jpg','The Big Bang Theory',1,12,'The Big Bang Theory, La teoría del Big Bang, Comedia, Fantasía, Ficción, Jim Parsons, Johnny Galecki, Kaley Cuoco, Simon Helberg, Kunal Nayyar, Melissa Rauch, Mayim Bialik','Leonard y Sheldon son dos físicos que comparten trabajo y apartamento. La Serie comienza con la mudanza de Penny, su nueva y atractiva vecina, y hace hincapié en la dificultad de los físicos para relacionarse con personas fuera de su entorno para dar lugar a situaciones cómicas.','12','Jim Parsons, Johnny Galecki, Kaley Cuoco, Simon Helberg, Kunal Nayyar, Melissa Rauch, Mayim Bialik',NULL,'https://www.youtube.com/embed/WBb3fojgW0Q'),(12,'./posters/12.jpg','Friends',1,12,'Friends, Amigos, Comedia, Familia, Drama, Sitcom, Jennifer Aniston, Courteney Cox, Lisa Kudrow, David Schwimmer, Matthew Perry, Matt LeBlanc','\'Friends\' narra las aventuras y desventuras de seis jóvenes de Nueva York: Rachel, Monica, Phoebe, Ross, Chandler y Joey. Ellos forman una unida pandilla de amigos que viven en Manhattan y que suelen reunirse en sus apartamentos o en su bar habitual cafetería, el Central Perk. A pesar de los numerosos cambios que se producen en sus vidas, su amistad es inquebrantable en la dura batalla por salir adelante en sus periplos profesionales y personales.','10','Jennifer Aniston, Courteney Cox, Lisa Kudrow, David Schwimmer, Matthew Perry, Matt LeBlanc',NULL,'https://www.youtube.com/embed/ekYGfU0XIx0'),(13,'./posters/13.jpg','Anne with an E',1,13,'Anne with an E, Drama, Familia, Western, Amybeth McNulty, Geraldine James, R. H. Thomson, Corrine Koslo, Dalila Bela, Lucas Jade Zumann','Anne Shirley es una niña huérfana que vive en un pequeño pueblo llamado Avonlea que pertenece a la Isla del Príncipe Eduardo, en el año 1890. Después de una infancia difícil, donde fue pasando de orfanato a hogares de acogida, es enviada por error a vivir con una solterona y su hermano. Cuando cumple 13 años, Anne va a conseguir transformar su vida y el pequeño pueblo donde vive gracias a su fuerte personalidad, intelecto e imaginación. Basada en la inolvidable novela.','2','Amybeth McNulty, Geraldine James, R. H. Thomson, Corrine Koslo, Dalila Bela, Lucas Jade Zumann',NULL,'https://www.youtube.com/embed/M4T-_aB8smU'),(14,'./posters/14.jpg','Expedientes Secretos \'X\'',1,20,'Expedientes Secretos \'X\', The X Files, Expedientes X, Drama, Sci-Fi, Suspenso, Gillian Anderson, David Duchovny, Mitch Pileggi, Robert Patrick, Tom Braidwood, Bruce Harwood','Fox Mulder y Dana Scully son dos investigadores del FBI que investigan casos sin resolución ni explicación, ya sea por razones paranormales (espíritus, criaturas extrañas, aliens...) ya porque el gobierno se ha encargado de ocultar todo tipo de pruebas. Cuando Mulder tenía doce años, su hermana pequeña fue secuestrada por unos desconocidos, aunque él cree que, en realidad, fue abducida por extraterrestres. Tras acabar sus estudios en la universidad de Oxford, ingresó en la Academia de Quantico, donde se ganó el apodo de \'siniestro\'','11','Gillian Anderson, David Duchovny, Mitch Pileggi, Robert Patrick, Tom Braidwood, Bruce Harwood',NULL,'https://www.youtube.com/embed/KKziOmsJxzE'),(15,'./posters/15.jpg','Chernobyl',1,8,'Chernobyl, Drama, Suceso Real, Jared Harris, Stellan Skarsgård, Emily Watson, Paul Ritter, Jessie Buckley, Adam Nagaitis','Sigue «la verdadera historia de una de las peores catástrofes provocadas por el hombre y habla de los valientes hombres y mujeres que se sacrificaron para salvar a Europa de un desastre inimaginable. La miniSerie se centra en el desgarrador alcance del desastre de la planta nuclear que ocurrió en Ucrania en abril de 1986, revelando cómo y por qué ocurrió, además contando las sorprendentes y notables historias de los héroes que lucharon y cayeron.','1','Jared Harris, Stellan Skarsgård, Emily Watson, Paul Ritter, Jessie Buckley, Adam Nagaitis',NULL,'https://www.youtube.com/embed/s9APLXM9Ei8'),(16,'./posters/16.jpg','Westworld',1,20,'Westworld, Western, Sci-Fi, Drama, Evan Rachel Wood, Thandiwe Newton, Jeffrey Wright, Tessa Thompson, Ed Harris, Luke Hemsworth, Rodrigo Santoro, Simon Quarterman, Clifton Collins Jr., Anthony Hopkins, Ingrid Bolsø Berdal, Angela Sarafyan, Shannon Woodward, Talulah Riley, Louis Herthum, Ben Barnes, Jimmi Simpson, Leonardo Nam, Aaron Paul, Vincent Cassel, Izabella Alvarez, Jeff Daniel Phillips','\'Westworld\' es una oscura odisea acerca del amanecer de la conciencia artificial y la evolución del pecado. Situada en la intersección del futuro cercano y el pasado reimaginado, explora un mundo donde cada apetito humano, sin importar cuán noble o depravado, puede ser saciado. Está ambientada en un parque temático futurista dirigido por el Dr. Robert Ford (Anthony Hopkins). Las instalaciones cuentan con androides caracterizados del western americano, y gracias a ellos los visitantes pueden introducirse en cualquier tipo de fantasía por muy oscura que sea.','3','Evan Rachel Wood, Thandiwe Newton, Jeffrey Wright, Tessa Thompson, Ed Harris, Luke Hemsworth, Rodrigo Santoro, Simon Quarterman, Clifton Collins Jr., Anthony Hopkins, Ingrid Bolsø Berdal, Angela Sarafyan, Shannon Woodward, Talulah Riley, Louis Herthum, Ben Barnes, Jimmi Simpson, Leonardo Nam, Aaron Paul, Vincent Cassel, Izabella Alvarez, Jeff Daniel Phillips',NULL,'https://www.youtube.com/embed/qLFBcdd6Qw0'),(17,'./posters/17.jpg','Halt and Catch Fire',1,4,'Halt and Catch Fire, Ficción, Drama, Tecnología, Lee Pace, Scoot McNairy, Mackenzie Davis, Kerry Bishé, Toby Huss, Alana Cavanaugh','Situada en los inicios de la década de 1980, un visionario ficticio, un ingeniero electrónico y una prodigiosa ingeniera, se alían a una programadora de software para confrontar con las corporaciones informáticas dominantes de la época. El Personal de la firma y sus socios de negocio, comenzarán una carrera que cambiará la cultura en el Estado de Texas, cuna de las empresas de tecnología, casi de la misma forma que lo es hoy Silicon Valey. Esta historia ficticia emula el trabajo realizado, en su momento, por la firma Compaq, cuando clonó el BIOS de las Computadoras Personales IBM, dando vida así al económico mercado de los clones. Mostrando también, a lo largo de sus 4 temporadas, el nacimiento de la arquitectura abierta de hardware, los videojuegos online, las salas de chat y de trueque de productos físicos, los BBS, y las primeras nubes computacionales, hasta la llegada de Internet (sin dejar afuera la guerra de los web browsers).','4','Lee Pace, Scoot McNairy, Mackenzie Davis, Kerry Bishé, Toby Huss, Alana Cavanaugh',NULL,'https://www.youtube.com/embed/pWrioRji60A'),(18,'./posters/18.jpg','Ava',2,3,'Ava, Acción, Drama, Suspenso, Jessica Chastain, John Malkovich, Colin Farrell, Common, Geena Davis, Ioan Gruffudd','Ava es una mortífera asesina a sueldo que trabaja para una organización de operaciones encubiertas, que viaja por todo el mundo acabando con aquellos objetivos que nadie más puede derribar. Cuando uno de sus encargos sale mal, Ava tendrá que luchar por una vida.',NULL,'Jessica Chastain, John Malkovich, Colin Farrell, Common, Geena Davis, Ioan Gruffudd',97,'https://www.youtube.com/embed/eLEwNo78f0k'),(19,'./posters/19.jpg','Aves de presa (Harley Quinn)',2,20,'Aves de presa y la fantabulosa emancipación de una Harley Quinn, Acción, Ficción, Comedia, DC Comics, Margot Robbie, Ewan McGregor, Mary Elizabeth Winstead, Jurnee Smollett, Rosie Perez, Chris Messina','Después de separarse de Joker, Harley Quinn y otras tres heroínas (Canario Negro, Cazadora y Renée Montoya) unen sus fuerzas para salvar a una niña (Cassandra Cain) del malvado rey del crimen Máscara Negra.',NULL,'Margot Robbie, Ewan McGregor, Mary Elizabeth Winstead, Jurnee Smollett, Rosie Perez, Chris Messina',97,'https://www.youtube.com/embed/saUmnenKbBM'),(20,'./posters/14.jpg','peter pan\'',1,20,'Expedientes Secretos \'X\', The X Files, Expedientes X, Drama, Sci-Fi, Suspenso, Gillian Anderson, David Duchovny, Mitch Pileggi, Robert Patrick, Tom Braidwood, Bruce Harwood','2038: George Almore está trabajando en una verdadera IA equivalente a la humana. Su último prototipo está casi listo. Esta fase sensible también es la más arriesgada. Especialmente porque tiene un objetivo que debe ocultarse a toda costa: reunirse con su esposa muerta.','11','Gillian Anderson, David Duchovny, Mitch Pileggi, Robert Patrick, Tom Braidwood, Bruce Harwood',NULL,'https://www.youtube.com/embed/KKziOmsJxzE'),(21,'./posters/14.jpg','peter dsdadsd\'',1,20,'Expedientes Secretos \'X\', The X Files, Expedientes X, Drama, Sci-Fi, Suspenso, Gillian Anderson, David Duchovny, Mitch Pileggi, Robert Patrick, Tom Braidwood, Bruce Harwood','Las aventuras continúan en el fantástico mundo del video juego Jumanji, donde nada es lo que parece. En esta ocasión, los jugadores vuelven al juego, pero sus personajes se han intercambiado entre sí, lo que ofrece un curioso plantel: los mismos héroes con distinta apariencia y habilidades. Pero, ¿dónde está el resto de la gente?','11','Gillian Anderson, David Duchovny, Mitch Pileggi, Robert Patrick, Tom Braidwood, Bruce Harwood',NULL,'https://www.youtube.com/embed/KKziOmsJxzE'),(22,'./posters/14.jpg','eeeeeeee pan\'',1,20,'Expedientes Secretos \'X\', The X Files, Expedientes X, Drama, Sci-Fi, Suspenso, Gillian Anderson, David Duchovny, Mitch Pileggi, Robert Patrick, Tom Braidwood, Bruce Harwood','La película está ambientada en una estación espacial en el futuro. La tripulación sufre un estrés traumático y considera abandonar su misión después de observar lo que creen que es la destrucción de la Tierra. La película se muestra como una Serie de flashbacks y flash-forward.','11','Gillian Anderson, David Duchovny, Mitch Pileggi, Robert Patrick, Tom Braidwood, Bruce Harwood',NULL,'https://www.youtube.com/embed/KKziOmsJxzE'),(23,'./posters/23.jpg','IT - Capítulo 2',2,17,'IT - Capítulo 2, Chapter 2, Chapter Two, Penniwise, Terror, Suspenso, Fantasía, Bill Skarsgård, Jessica Chastain, Bill Hader, James McAvoy, Isaiah Mustafa, Jay Ryan','En este segundo capitulo Han pasado 27 años desde que el \'Club de los Perdedores\', formado por Bill, Berverly, Richie, Ben, Eddie, Mike y Stanley, se enfrentaran al macabro y despiadado Pennywise (Bill Skarsgård). En cuanto tuvieron oportunidad, abandonaron el pueblo de Derry, en el estado de Maine, que tantos problemas les había ocasionado. Sin embargo, ahora, siendo adultos, parece que no pueden escapar de su pasado. Todos deberán enfrentarse de nuevo al temible payaso para descubrir si de verdad están preparados para superar sus traumas de la infancia.',NULL,'Bill Skarsgård, Jessica Chastain, Bill Hader, James McAvoy, Isaiah Mustafa, Jay Ryan',97,'https://www.youtube.com/embed/hZeFeYSmBcg'),(24,'./posters/24.jpg','Pantera Negra',2,20,'Pantera Negra, Black Panther, Acción, Aventura, Fantasía, Marvel, Chadwick Boseman, Michael B. Jordan, Lupita Nyong\'o, Danai Gurira, Martin Freeman, Daniel Kaluuya','T’Challa (Chadwick Boseman) regresa a su hogar en la apartada nación africana de Wakanda para servir como líder de su país. Tras suceder a su padre en el trono, pasa a convertirse en Pantera Negra, una sigilosa criatura de la noche, con agudos sentidos felinos y otras habilidades como súper fuerza e inteligencia, agilidad, estrategia o maestro del combate sin armas. Es bajo el liderazgo de T’Challa como Wakanda consigue convertirse en una de las naciones más ricas y tecnológicamente avanzadas del planeta.',NULL,'Chadwick Boseman, Michael B. Jordan, Lupita Nyong\'o, Danai Gurira, Martin Freeman, Daniel Kaluuya',97,'https://www.youtube.com/embed/BE6inv8Xh4A'),(25,'./posters/25.jpg','Contra lo imposible (Ford versus Ferrari)',2,8,'Contra lo imposible, Ford versus Ferrari, Acción, Drama, Biográfico, Matt Damon, Christian Bale, Jon Bernthal, Josh Lucas, Tracy Letts, Noah Jupe','El ingeniero de Ford, Carroll Shelby (Matt Damon), y el piloto Ken Miles (Christian Bale) se unen para construir un coche que puede vencer a Ferrari en la 24 horas de Le Mans en 1966. Esta historia es un homenaje a todos los que se enfrentan a grandes obstáculos para lograr lo que aman.',NULL,'Christian Bale, Matt Damon, Caitriona Balfe, Josh Lucas, Noah Jupe, Jon Bernthal',97,'https://www.youtube.com/embed/8YjcmYzS1Wo'),(26,'./posters/26.jpg','Centígrados',2,10,'Centígrados, Centigrades, Drama, Suspenso, Intriga, Génesis Rodríguez, Vincent Piazza, Benjamin Sokolow, Emily Bayiokos','Una joven pareja estadounidense viaja a las montañas árticas de Noruega. Después de detenerse durante una tormenta de nieve, se despiertan atrapados en su SUV, enterrados bajo capas de nieve y hielo.',NULL,'Génesis Rodríguez, Vincent Piazza, Benjamin Sokolow, Emily Bayiokos',97,'https://www.youtube.com/embed/0RvV7TNUlkQ'),(27,'./posters/27.jpg','DOOM: Aniquilación',2,17,'DOOM: Aniquilación, Anihilation, Las puertas del infierno, Terror, Acción, Sci-Fi, Futurista, Amy Manson, Luke Allen-Gale, Nina Bergman, Dominic Mafham, James Weber Brown, Lorina Kamburova','Doom: Aniquilación sigue a un grupo de marines espaciales que han respondido a una llamada de alerta de una base en la luna marciana, solo para descubrir que ha sido tomada por criaturas demoníacas que amenazan con desatar el infierno en la tierra.',NULL,'Amy Manson, Luke Allen-Gale, Nina Bergman, Dominic Mafham, James Weber Brown, Lorina Kamburova',97,'https://www.youtube.com/embed/nat3u3gAVLE'),(28,'./posters/28.jpg','Contagio',2,4,'Contagio, Contagion, Covid, Drama, Suspenso, ¿Ficción?, Marion Cotillard, Matt Damon, Laurence Fishburne, Jude Law, Kate Winslet, Jennifer Ehle, Gwyneth Paltrow','De repente, sin saber cuál es su origen, aunque todo hace sospechar que comienza con el viaje de una norteamericana a un casino de Hong Kong, un virus mortal comienza a propagarse por todo el mundo. En pocos días, la enfermedad empieza a diezmar a la población. El contagio se produce por mero contacto entre los seres humanos. Un thriller realista y sin efectos especiales sobre los efectos de una epidemia.',NULL,'Marion Cotillard, Matt Damon, Laurence Fishburne, Jude Law, Kate Winslet, Jennifer Ehle, Gwyneth Paltrow',97,'https://www.youtube.com/embed/4sYSyuuLk5g'),(29,'./posters/29.jpg','Viuda Negra',2,3,'Viuda Negra, Black Widow, Marvel, Drama, Acción, Aventura, Scarlett Johansson, Florence Pugh, David Harbour, O.T. Fagbenle, Rachel Weisz, William Hurt, Ray Winstone','Primera pelicula individual de la Viuda Negra en el universo cinematografico de Marvel, contando su historia desde que se inició como doble agente rusa, su niñez, sus misiones, y su actualidad, después de Avengers.',NULL,'Scarlett Johansson, Florence Pugh, David Harbour, O.T. Fagbenle, Rachel Weisz, William Hurt, Ray Winstone',97,'https://www.youtube.com/embed/BIn8iANwEog'),(30,'./posters/30.jpg','The Martian',2,20,'The Martian, Rescate en Marte, Planeta Marte, El Marciano, Drama, Sci-Fi, Aventura, Espacio, Matt Damon, Jessica Chastain, Kristen Wiig, Jeff Daniels, Michael Peña, Sean Bean, Kate Mara','Durante una misión a Marte de la nave tripulada Ares III, una fuerte tormenta se desata dando por desaparecido y muerto al astronauta Mark Watney (Matt Damon), sus compañeros toman la decisión de irse pero él ha sobrevivido. Está solo y sin apenas recursos en el planeta. Con muy pocos medios deberá recurrir a sus conocimientos, su sentido del humor y un gran instinto de supervivencia para lograr sobrevivir y comunicar a la Tierra que todavía está vivo esperando que acudan en su rescate.',NULL,'Matt Damon, Jessica Chastain, Kristen Wiig, Jeff Daniels, Michael Peña, Sean Bean, Kate Mara',97,'https://www.youtube.com/embed/XvB58bCVfng'),(31,'./posters/31.jpg','Ex-Machina',2,20,'Ex-Machina, Ex-Máquina, Ex-Maquina, Drama, Sci-Fi, Suspenso, Alicia Vikander, Domhnall Gleeson, Oscar Isaac, Sonoya Mizuno, Corey Johnson, Claire Selby, Gana Bayarsaikhan, Inteligencia Artificial, AI, IA','Un programador multimillonario selecciona a Caleb, un joven empleado de su empresa, para que pase una semana en un lugar remoto con el objetivo de que participe en un test en el que estará involucrada su última creación: un robot-mujer en el que inteligencia artificial lo es todo.',NULL,'Alicia Vikander, Domhnall Gleeson, Oscar Isaac, Sonoya Mizuno, Corey Johnson, Claire Selby, Gana Bayarsaikhan',97,'https://www.youtube.com/embed/XRYL5spvEcI'),(32,'./posters/32.jpg','Jurassic World',2,11,'Jurassic World, Mundo Jurásico, Jurassic Park, Suspenso, Aventura, Ficción, Bryce Dallas Howard, Chris Pratt, Irrfan Khan, Vincent D\'Onofrio, Omar Sy, Nick Robinson, Judy Greer','Veintidós años después de lo ocurrido en Jurassic Park, la isla Nublar ha sido transformada en un enorme parque temático, Jurassic Wold, con versiones «domesticadas» de algunos de los dinosaurios más conocidos. Cuando todo parece ir sobre ruedas y ser el negocio del siglo, un nuevo dinosaurio de especie desconocida, pues ha sido creado manipulando genéticamente su ADN, y que resulta ser mucho más inteligente de lo que se pensaba, se escapa de su recinto y comienza a causar estragos entre los visitantes del Parque.',NULL,'Bryce Dallas Howard, Chris Pratt, Irrfan Khan, Vincent D\'Onofrio, Omar Sy, Nick Robinson, Judy Greer',97,'https://www.youtube.com/embed/RFinNxS5KN4'),(33,'./posters/33.jpg','Soy leyenda',2,17,'Soy leyenda, I am a legend, Drama, Terror, Ficción, Zombi, Zombies, Will Smith, Alice Braga, Charlie Tahan, Dash Mihok, Salli Richardson-Whitfield, Willow Smith, Emma Thompson','Años después de que una plaga mate a la mayoría de la humanidad y transforme al resto en monstruos, el único superviviente en la ciudad de Nueva York lucha valientemente para encontrar una cura.',NULL,'Will Smith, Alice Braga, Charlie Tahan, Dash Mihok, Salli Richardson-Whitfield, Willow Smith, Emma Thompson',97,'https://www.youtube.com/embed/dtKMEAXyPkg'),(34,'./posters/34.jpg','El primer hombre en la luna',2,8,'El primer hombre en la luna, The first man, The moon, Drama, Suceso Real, Neil Armstrong, Ryan Gosling, Claire Foy, Jason Clarke, Kyle Chandler, Corey Stoll, Patrick Fugit','Cuenta la historia de la misión de la NASA que llevó al primer hombre a la luna, centrada en Neil Armstrong (interpretado por Ryan Gosling) y el periodo comprendido entre los años 1961 y 1969. Un relato en primera persona, basado en la novela de James R. Hansen, que explora el sacrificio y el precio que representó, tanto para Armstrong como para Estados Unidos, una de las misiones más peligrosas de la historia.',NULL,'Ryan Gosling, Claire Foy, Jason Clarke, Kyle Chandler, Corey Stoll, Patrick Fugit',97,'https://www.youtube.com/embed/PSoRx87OO6k'),(35,'./posters/35.jpg','Titanes del pacífico - La insurrección',2,20,'Titanes del pacífico - La insurrección, Pacific RIM, Rim, Acción, Fantasía, Sci-Fi, John Boyega, Scott Eastwood, Cailee Spaeny, Jing Tian, Rinko Kikuchi, Burn Gorman','Han pasado 10 años tras la primera invasión que sufrió la humanidad, pero la lucha aún no ha terminado. El planeta vuelve a ser asediado por los Kaiju, una raza de alienígenas colosales, que emergen desde un portal interdimensional con el objetivo de destruir a la raza humana. Ante esta nueva amenaza, los Jaegers, robots gigantes de guerra pilotados por dos personas para sobrellevar la inmensa carga neuronal que conlleva manipularlos, ya no están a la altura de lo que se les viene encima. Será entonces cuando los supervivientes de la primera invasión, además de nuevos personajes como el hijo de Pentecost, tendrán que idear la manera de sorprender al enorme enemigo, apostando por nuevas estrategias defensivas y de ataque. Con la Tierra en ruinas e intentando reconstruirse, esta nueva batalla puede ser decisiva para el futuro.',NULL,'John Boyega, Scott Eastwood, Cailee Spaeny, Jing Tian, Rinko Kikuchi, Burn Gorman',97,'https://www.youtube.com/embed/_EhiLLOhVis'),(36,'./posters/36.jpg','JOBS: La Vida De Steve Jobs',2,8,'JOBS: La Vida De Steve Jobs, Drama, Historia, Tecnología, Biopic, Suceso Real, Ahston Kutcher, Dermot Mulroney, Josh Gad, Lukas Haas, Matthew Modine, J.K. Simmons, Lesley Ann Warren, Apple, Cupertino','Sólo hace falta una persona para empezar una revolución. Jobs es la extraordinaria historia de Steve Jobs, el original innovador y emprendedor que no dejó que nada se interpusiera en su camino hacia la grandeza. La película cuenta la épica y turbulenta historia de Jobs mientras abría un camino que cambió la tecnología - y el mundo - para siempre. Su vida es repasada desde que era adolescente, intentando estudiar en la universidad, hasta el año 2001, cuando la compañía Apple lanza el primer iPod, símbolo de una nueva era.',NULL,'Ahston Kutcher, Dermot Mulroney, Josh Gad, Lukas Haas, Matthew Modine, J.K. Simmons, Lesley Ann Warren',104,'https://www.youtube.com/embed/g6p4lEq84nA'),(37,'./posters/37.jpg','Piratas de Silicon Valey',2,8,'Piratas de Silicon Valey, Pirates of Silicon Valley, Noah Wyle, Anthony Michael, Joey Slotnick, J.G. Hertzler, Wayne Pére, Sheila Shaw, Gemma Zamprogna, John DiMaggio, Drama, Historia, Comedia, Suceso Real, Steve Jobs, Bill Gates, Microsoft, Apple, Xerox, Cupertino, Redmond','Esta película es el documental semigracioso sobre los hombres que hicieron el mundo de la tecnología lo que es hoy, sus luchas durante el colegio, la fundación de sus compañías y las acciones ingeniosas que tomaron para aumentar los Imperios corporativos globales de Apple Computer Inc. y Microsoft Corporation.',NULL,'Noah Wyle, Anthony Michael, Joey Slotnick, J.G. Hertzler, Wayne Pére, Sheila Shaw, Gemma Zamprogna, John DiMaggio',104,'https://www.youtube.com/embed/lEyrivrjAuU'),(38,'./posters/14.jpg','peter pan\'',1,20,'Expedientes Secretos \'X\', The X Files, Expedientes X, Drama, Sci-Fi, Suspenso, Gillian Anderson, David Duchovny, Mitch Pileggi, Robert Patrick, Tom Braidwood, Bruce Harwood','En una noche de otoño de 2003, el genio de la programación de computación de la Universidad de Harvard Mark Zuckerberg se sienta en su computadora y acaloradamente comienza a trabajar en una nueva idea. En una furia de los blogs y la programación, lo que comienza en su dormitorio como un pequeño sitio entre amigos pronto se convierte en una red social global y una revolución en la comunicación. A sólo seis años y 500 millones de amigos más tarde, Mark Zuckerberg es el multimillonario más joven de la historia ... pero para este empresario, el éxito conduce a complicaciones tanto personales como legales.','11','Gillian Anderson, David Duchovny, Mitch Pileggi, Robert Patrick, Tom Braidwood, Bruce Harwood',NULL,'https://www.youtube.com/embed/KKziOmsJxzE'),(39,'./posters/39.jpg','Antitrust',2,3,'Antitrust Acción, Suspenso, Drama Ryan Phillippe, Rachael Leigh Cook, Tim Robbins, Claire Forlani, Richard Rountree, Tygh Runyan, Ned Bellamy, Tyler Labine','Milo Hoffman es un joven informático increíblemente prometedor para su edad que rápidamente es contratado por una importante empresa de Sillicon Valley. El empleo de sus sueños se ha hecho realidad, ya que ahí puede trabajar con los ordenadores más potentes del mundo y con las últimas tecnologías que aún no han salido al mercado. El Paraíso de un informático. Su jefe, Gary Winston , es un poderoso pez gordo de la industria que en un principio parece un tipo íntegro y legal. Pero pronto descubrirá que fisgar en sus archivos secretos no es la mejor idea si uno quiere conservar su trabajo... y su vida.',NULL,'Ryan Phillippe, Rachael Leigh Cook, Tim Robbins, Claire Forlani, Richard Rountree, Tygh Runyan, Ned Bellamy, Tyler Labine',110,'https://www.youtube.com/embed/k3TwIJjyjPM'),(40,'./posters/40.jpg','Stowaway',2,20,'Stowaway El cuarto pasajero El 4º pasajero Fourth Passenger Drama, Ciencia ficción, Suspenso Anna Kendrick, Daniel Dae Kim, Shamier Anderson, Toni Collette','Una misión al planeta Marte. Dos años de duración. De repente, los tres tripulantes afectados a esta labor deben tomar una decisión imposible cuando un pasajero imprevisto compromete la vida de todos a bordo. No hay vuelta atrás. La decisión deberá tomarse contemplando la vida de los, ahora, cuatro pasajeros aún cuando la supervivecnaia tenga que acarrear algún sacrificio.',NULL,'Anna Kendrick, Daniel Dae Kim, Shamier Anderson, Toni Collette',118,'https://www.youtube.com/embed/A_apvQkWsVY'),(41,'./posters/41.jpg','Liga de la Justicia - Zack Snyder',2,3,'Liga de la Justicia - Zack Snyder Justice League DC Comics Acción, Aventura, Ciencia ficción, Fantasía Ben Affleck, Henry Cavill, Gal Gadot, Jason Momoa, Ezra Miller, Ray Fisher, Amy Adams, Jeremy Irons, Connie Nielsen','Decidido a asegurarse de que el sacrificio final de Superman no fue en vano, Bruce Wayne alinea fuerzas con Diana Prince con planes para reclutar un equipo de metahumanos para proteger al mundo de una amenaza de proporciones catastróficas que se aproxima. En esta fascinante entrega, no apta para niños, verás cómo se conforma la Liga de la Justicia, uniendo a los principales superhéroes conocidos como Metahumanos.',NULL,'Ben Affleck, Henry Cavill, Gal Gadot, Jason Momoa, Ezra Miller, Ray Fisher, Amy Adams, Jeremy Irons, Connie Nielsen',242,'https://www.youtube.com/embed/BUb_-RxsoBs'),(42,'./posters/42.jpg','Two and a half men',1,12,'Two and a half men Dos hombres y medio Familia, Comedia, Aventura Charlie Sheen, Jon Cryer, Angus T. Jones, Conchata Ferrel, Holland Taylor, Marin Hinkle, Jennifer Bini Taylor, Melanie Lynskey, Ashton Kutcher, Amber Tamblyn','Un quiropráctico y padre soltero, Alan Harper, vive en una casa al frente de la playa con su hijo mediocre, Jake, y un billonario de la Internet divorciado Walden Schmidt, que se muda con la familia de los Harper y ofrece comprar la casa luego de la muerte inesperada del hermano de Alan, Charlie, que era el propietario de la casa en la que vivía con Alan y Jake, luego de que padre e hijo se mudaran después del divorcio de Alan. La exesposa de Alan y madre de Jake, Judith, permanece en sus vidas.','12','Charlie Sheen, Jon Cryer, Angus T. Jones, Conchata Ferrel, Holland Taylor, Marin Hinkle, Jennifer Bini Taylor, Melanie Lynskey, Ashton Kutcher, Amber Tamblyn',NULL,'https://www.youtube.com/embed/mVHDanSl2pc'),(43,'./posters/43.jpg','La casa de Papel',1,3,'La casa de Papel Aventura, Drama, Acción Úrsula Corberó, Álvaro Morte, Itziar Ituño, Pedro Alonso, Alba Flores, Miguel Herrán, Jaime Lorente, Esther Acebo, Enrique Arce, robo, atraco, máscaras, da vinci, moneda, casa de moneda, Casa de la Moneda, timbrado, Timbrado','Ocho ladrones toman rehenes en la Fábrica Nacional de Moneda y Timbre de España, mientras el líder de la banda manipula a la policía para cumplir con su plan.','4','Úrsula Corberó, Álvaro Morte, Itziar Ituño, Pedro Alonso, Alba Flores, Miguel Herrán, Jaime Lorente, Esther Acebo, Enrique Arce',NULL,'https://www.youtube.com/embed/w1jkStuRQU8'),(44,'./posters/44.jpg','Stranger Things',1,10,'Stranger Things Misterio, Suspenso, Familia Winona Ryder, David Harbour, Finn Wolfhard, Millie Bobby Brown, Gaten Matarazzo, Caleb McLaughlin, Natalia Dyer, Charlie, Heaton, Joe Keery, espacio, Space, Espacio, space, película del espacio','Pasan cosas muy extrañas en Hawkins, Indiana, tras una desaparición que revela la presencia de una niña con poderes sobrenaturales. Después de la extraña desaparición de un niño, un pueblo se encuentra ante un misterio que revela experimentos secretos, fuerzas sobrenaturales.','4','Winona Ryder, David Harbour, Finn Wolfhard, Millie Bobby Brown, Gaten Matarazzo, Caleb McLaughlin, Natalia Dyer, Charlie Heaton, Joe Keery',NULL,'https://www.youtube.com/embed/b9EkMc79ZSU'),(45,'./posters/45.jpg','Gravity',2,10,'Gravity, Gravedad, Suspenso, Ciencia ficción, Drama, Sandra Bullock, George Clooney, Ed Harris, Orto Ignatiussen, Phaldut Sharma, Amy Warren, Basher Savage, Adam Cozens','Durante un paseo espacial rutinario, dos astronautas sufren un grave accidente y quedan flotando en el espacio. Una es la doctora Ryan Stone, una brillante ingeniera en su primera misión espacial en la Shuttle. Su acompañante es el veterano astronauta Matt Kowalsky. Durante el paseo algo sale mal y ocurre el desastre: el shuttle queda destrozado, dejando a Ryan y Matt completamente solos, momento a partir del cual intentarán por todos los medios volver a la Tierra.',NULL,'Sandra Bullock, George Clooney, Ed Harris, Orto Ignatiussen, Phaldut Sharma, Amy Warren, Basher Savage, Adam Cozens',93,'https://www.youtube.com/embed/OiTiKOy59o4'),(46,'./posters/46.jpg','Apollo 13',2,8,'Apollo 13 Apolo 13 Drama, Historia, Suceso Real, Tom Hanks, Bill Paxton, Kevin Bacon, Gary Sinise, Ed Harris, Kathleen Quinlan, Roger Corman, Chris Ellis, Xander Berkeley','El Apolo 13 inicia su viaje a la luna en abril de 1970. Cuando la tripulación está a punto de llegar a su destino, una explosión en el espacio les hace perder oxígeno, energía y el curso de la nave... Todo se convierte en una situación desesperada para los tres hombres tripulantes, especialmente cuando el oxígeno amenaza con agotarse. Mientras, el mundo entero, que apenas un año antes conoció la gloria de la aventura espacial cuando el hombre pisó la luna, contiene la respiración a la espera de ver cómo acaba tan angustiosa espera.',NULL,'Ben Affleck, Henry Cavill, Gal Gadot, Jason Momoa, Ezra Miller, Ray Fisher, Amy Adams, Jeremy Irons, Connie Nielsen',140,'https://www.youtube.com/embed/e3ZtOS4MCkk'),(47,'./posters/47.jpg','La profecía',2,17,'La profecía, The Prophecy, The Omen, The Omeh, Terror, Suspenso, Drama, Liev Schreiber, Julia Stiles, Seamus Davey-Fitzpatrick, David Thewils, Pete Postlethwaite, Mia Farrow, Predrag Bjelac, Carlo Sabatini, Amy Huck','Incapaz de decirle a su mujer Katherine la trágica muerte de su hijo recién nacido, el diplomático americano Robert Thorn acepta un huérfano como su hijo. Los detalles del nacimiento del chico son un secreto, pero cuando Damien va creciendo, empieza a dar muestras de que no es un chico corriente.',NULL,'Charlie Sheen, Jon Cryer, Angus T. Jones, Conchata Ferrel, Holland Taylor, Marin Hinkle, Jennifer Bini Taylor, Melanie Lynskey, Ashton Kutcher, Amber Tamblyn',110,'https://www.youtube.com/embed/8L-1Qk_MQQs'),(48,'./posters/48.jpg','El exorcista',2,17,'El exorcista, The exorcist, Terror, Suspenso, Drama, Ellen Burstyn, Linda Blair, Max vox Sydow, Lee J. Cobb, Kitty Winn, Jack MacGowran, Jason Miller, William O\'Malley, Barton Heyman','Regan es una niña de doce años víctima de fenómenos paranormales como la levitación o la manifestación de una fuerza sobrehumana. Su madre, aterrorizada, tras someter a su hija a múltiples análisis médicos que no ofrecen ningún resultado, acude a un sacerdote con estudios de psiquiatría. Éste está convencido de que el mal no es físico sino espiritual, es decir, que la niña es víctima de una posesión diabólica. Por eso, con la ayuda de otro sacerdote decide practicar un exorcismo.',NULL,'Úrsula Corberó, Álvaro Morte, Itziar Ituño, Pedro Alonso, Alba Flores, Miguel Herrán, Jaime Lorente, Esther Acebo, Enrique Arce',122,'https://www.youtube.com/embed/YDGw1MTEe9k'),(49,'./posters/49.jpg','It (eso)',2,17,'It, IT, Eso, eso, Terror, Suspenso, Drama, Jaeden Martell, Jeremy Ray, Sophia Lillis, Finn Wolfhard, Chosen Jacobs, Jack Dylan, Wyatt Oleff, Bill Skarsgård, Nicholas Hamilton, Maine, Loosers, Los Perdedores, Stephen King, Pennywise','Remake del clásico de Stephen King, y de la película homónima de 1990, en el que un payaso aterroriza a los niños de un vecindario. En un pequeño pueblo de Maine, siete niños conocidos como el Club de los Perdedores se encuentran cara a cara con problemas de la vida, matones y un monstruo que toma la forma de un payaso llamado Pennywise..',NULL,'Winona Ryder, David Harbour, Finn Wolfhard, Millie Bobby Brown, Gaten Matarazzo, Caleb McLaughlin, Natalia Dyer, Charlie Heaton, Joe Keery',135,'https://www.youtube.com/embed/FnCdOQsX5kc'),(50,'./posters/50.jpg','The Office',1,12,'The Office, La Oficina, Comedia, Familia, Rainn Wilson, Steve Carell, Jenna Fischer, John Krasinski, B.J. Novak, Kate Flannery, Brian Baumgartner, Leslie David Baker, Mindy Kaling, Angela Kinsey','Steve Carell protagoniza The Office, un fresco y divertido vistazo, con formato pseudo-documental, al día a día en la vida de unos excéntricos trabajadores de la empresa Dunder Mifflin. El serio pero despistadísimo director Michael Scott se considera un magnífico jefe y mentor, pero realmente inspira más críticas que respeto a sus empleados.','9','Rainn Wilson, Steve Carell, Jenna Fischer, John Krasinski, B.J. Novak, Kate Flannery, Brian Baumgartner, Leslie David Baker, Mindy Kaling, Angela Kinsey',NULL,'https://www.youtube.com/embed/LHOtME2DL4g'),(51,'./posters/51.jpg','The Good Doctor',1,13,'The Good Doctor, El buen Doctor, Drama, Familia, Freddie Highmore, Antonia Thomas, Hill Harper, Richard Schiff, Christina Chang, Paige Spara, Fiona Gubelmann, Will Yun Lee, Nicholas Gonzalez','Un cirujano joven y autista que padece el síndrome del sabio empieza a trabajar en un hospital prestigioso. Allá tendrá que vencer el escepticismo con el que sus colegas lo reciben.','4','Freddie Highmore, Antonia Thomas, Hill Harper, Richard Schiff, Christina Chang, Paige Spara, Fiona Gubelmann, Will Yun Lee, Nicholas Gonzalez',NULL,'https://www.youtube.com/embed/fYlZDTru55g'),(52,'./posters/52.jpg','La teoría del todo',2,8,'La teoría del todo, la teoria del todo, The theory of everything, Drama, Romance, Suceso Real, Eddie Redmayne, Felicity Jones, Charlie Cox, Emily Watson, Simon McBurney, David Thewlis, Maxine Peake, Harry Lloyd, Tom Prior','La película gira en torno a la vida de Stephen Hawking, el importante teórico y divulgador científico que cambió la historia de la ciencia y la tecnología moderna para siempre. La película se centrará en la relación que mantuvo el británico con Jane Wilde, su primera mujer, con quien contrajo matrimonio después de que le diagnosticaran una enfermedad por la que no le quedaban más de dos años de vida. Estupenda adaptación con un Eddie Redmayne que cada día nos sorprende más.',NULL,'Eddie Redmayne, Felicity Jones, Charlie Cox, Emily Watson, Simon McBurney, David Thewlis, Maxine Peake, Harry Lloyd, Tom Prior',123,'https://www.youtube.com/embed/Salz7uGp72c'),(53,'./posters/53.jpg','Código enigma',2,8,'Código enigma, Enigma, Code, The Imitation Game Descifrando Enigma, Drama, Historia, Suspenso, Suceso Real, Benedict Cumberbatch, Keira Knightley, Matthew Goode, Rory Kinnear, Allen Leech, Matthew Beard, Charles Dance, Mark Strong, James Northcote','Durante el invierno de 1952, las autoridades británicas entraron en el hogar del matemático, analista y héroe de guerra Alan Turing, con la intención de investigar la denuncia de un robo. Al final acabaron arrestando a Turing acusándole de indecencia grave, un cargo que le supondría una devastadora condena por una ofensa criminal: ser homosexual. Los oficiales no tenían ni idea de que en realidad estaban incriminando al pionero de la informática actual. Liderando a un heterogéneo grupo de académicos, lingüistas, campeones de ajedrez y oficiales de inteligencia, se le conoce por haber descifrado el código de la inquebrantable máquina Enigma de los alemanes durante la Segunda Guerra Mundial.',NULL,'Benedict Cumberbatch, Keira Knightley, Matthew Goode, Rory Kinnear, Allen Leech, Matthew Beard, Charles Dance, Mark Strong, James Northcote',115,'https://www.youtube.com/embed/nuPZUUED5uk'),(54,'./posters/54.jpg','Talentos ocultos',2,8,'Talentos ocultos, talentos ocultos, hidden figures, Hidden Figures, Figuras ocultas, figuras, Drama, Historia, Suspenso, Suceso Real, Taraji P. Henson, Octavia Spencer, Janelle Monáe, Kevin Costner, Kirsten Dunst, Jim Parsons, Mahershala Ali, Glen Powell, Ariana Neal','Narra la historia nunca contada de tres brillantes mujeres científicas afroamericanas que trabajaron en la NASA a comienzos de los años sesenta (en plena carrera espacial, y asimismo en mitad de la lucha por los derechos civiles de los negros estadounidenses) en el ambicioso proyecto de poner en órbita al astronauta John Glenn.',NULL,'Taraji P. Henson, Octavia Spencer, Janelle Monáe, Kevin Costner, Kirsten Dunst, Jim Parsons, Mahershala Ali, Glen Powell, Ariana Neal',127,'https://www.youtube.com/embed/RK8xHq6dfAo'),(55,'./posters/55.jpg','Una mente brillante',2,8,'A brilliant mind, a beautiful mind, Una mente brillante, Una mente maravillosa, Drama, Historia, Romance, Suceso Real, Russell Crowe, Jennifer Connelly, Ed Harris, Paul Bettany, Christopher Plummer, Josh Lucas, Adam Goldberg, Anthony Rapp, Judd Hirsch','Obsesionado con la búsqueda de una idea matemática original, el brillante estudiante John Forbes Nash llega a Princeton para realizar sus estudios de postgrado. Es un muchacho extraño y solitario, al que sólo comprende su compañero de cuarto. Por fin, Nash esboza una revolucionaria teoría y consigue una plaza de profesor en el MIT. Alicia Lardé, una de sus alumnas, lo deja fascinado al mostrarle que las leyes del amor están por encima de las de las matemáticas. Gracias a su prodigiosa habilidad para descifrar códigos es reclutado por Parcher William, del departamento de Defensa, para ayudar a los Estados Unidos en la Guerra Fría contra la Unión Soviética.',NULL,'Russell Crowe, Jennifer Connelly, Ed Harris, Paul Bettany, Christopher Plummer, Josh Lucas, Adam Goldberg, Anthony Rapp, Judd Hirsch',134,'https://www.youtube.com/embed/jT51irTIrAc'),(56,'./posters/56.jpg','Passengers',2,20,'Passengers, passengers, Pasajeros, Jennifer Lawrence, Chris Pratt, Michael Sheen, Laurence Fishburne, Andy García, Aurora Perrineau, Kristin Brock, Julee Cerda, Fred Melamed, Drama, Romance, Sci-Fi, Ciencia Ficción','Una nave espacial, que viaja a un planeta lejano transportando a miles de personas, tiene una avería en una de las cápsulas de hibernación tras el impacto con un gran meteorito. Como resultado, un pasajero se despierta noventa años antes del final del viaje.',NULL,'Jennifer Lawrence, Chris Pratt, Michael Sheen, Laurence Fishburne, Andy García, Aurora Perrineau, Kristin Brock, Julee Cerda, Fred Melamed',116,'https://www.youtube.com/embed/7BWWWQzTpNU'),(57,'./posters/57.jpg','Passengers',2,10,'Passengers, passengers, Pasajeros, Jennifer Lawrence, Anne Hathaway, Patrick Wilson, Andre Braugher, Dianne Wiest, David Morse, William B. Davis, Ryan Robbins, Clea DuVall, Don Thompson','Un avión se estrella y tan sólo sobreviven cinco personas. Asignada al caso por su mentor, la joven terapeuta Claire, una brillante psicóloga, deberá ayudar a los supervivientes a superar el trauma. Pero, poco a poco, éstos empiezan a desaparecer misteriosamente... o a no aparecer en las sesiones. Nada está claro, ni siquiera qué pasó en el accidente. Además, entre los supervivientes está Eric, un atractivo pasajero que parece no necesitar terapia. (la línea entre este mundo y el próximo, está a punto de ser cruzada)',NULL,'Anne Hathaway, Patrick Wilson, Andre Braugher, Dianne Wiest, David Morse, William B. Davis, Ryan Robbins, Clea DuVall, Don Thompson',93,'https://www.youtube.com/embed/iMW4RpQ6S8U'),(58,'./posters/58.jpg','Argo',2,8,'Argo, Drama, Suspenso, Suceso Real, Ben Affleck, Bryan Cranston, Alan Arkin, Jogn Goodman, Victor Garber, Tate Donovan, Clea DuVall, Scoot McNairy, Rory Cochrane, Kerry Bishé, Argo Fuck Yourself','Irán, año 1979. Cuando la embajada de los Estados Unidos en Teherán es ocupada por seguidores del Ayatolá Jomeini para pedir la extradición del Sha de Persia, la CIA y el gobierno canadiense organizaron una operación para rescatar a seis diplomáticos estadounidenses que se habían refugiado en la casa del embajador de Canadá. Con este fin se recurrió a un experto en rescatar rehenes y se preparó el escenario para el rodaje de una película de ciencia-ficción, de título \"Argo\", en la que participaba un equipo de cazatalentos de Hollywood. La misión: ir a Teherán y hacer pasar a los diplomáticos por un equipo de filmación canadiense para traerlos de vuelta a casa.',NULL,'Ben Affleck, Bryan Cranston, Alan Arkin, Jogn Goodman, Victor Garber, Tate Donovan, Clea DuVall, Scoot McNairy, Rory Cochrane, Kerry Bishé',120,'https://www.youtube.com/embed/JW3WfSFgrVY'),(59,'./posters/59.jpg','Prometheus',2,20,'Prometheus, Prometeo, Ciencia Ficción, Aventura, Misterio, Noomi Rapace, Michael Fassbender, Charlize Theron, Logan Marshall-Green, Guy Pearce, Idris Elba, Sean Harris, Rafe Spall, Kate Dickie, Emut Elliott, Benedict Wong, Lucy Hutchinson','Un grupo de científicos y exploradores emprende un viaje espacial a un remoto planeta, una rara estrella recién descubierta, donde sus límites físicos y mentales serán puestos a prueba. El motivo de la misión es que los humanos creen que allá podrán encontrar la respuesta a las preguntas más profundas y al mayor de los misterios: el origen de la vida en la Tierra.',NULL,'Noomi Rapace, Michael Fassbender, Charlize Theron, Logan Marshall-Green, Guy Pearce, Idris Elba, Sean Harris, Rafe Spall, Kate Dickie, Emut Elliott, Benedict Wong, Lucy Hutchinson, Patrick Wilson, Ian Whyte, Branwell Donaghey, Vladimir Furdik, C.C. Smiff, Shane Steyn, John Lebar',120,'https://www.youtube.com/embed/34cEo0VhfGE'),(60,'./posters/60.jpg','Alien: Covenant',2,20,'Alien, Covenant, Alien: Covenant, Prometheus, Ciencia Ficción, Aventura, Misterio, Michael Fassbender, Katherine Waterston, Billy Crudup, Danny McBride, Demián Bichir, Carmen Ejogo, Jussie Smollett, Callie Hernandez, Amy Seimetz, Nathaniel Dean, Alexander England, Benjamin Rigby, Uli Latukefu, Tess Haubrich, Andrew Crawford, Guy Pierce, James Franco, Noomi Rapace, Javier Botet','Rumbo a un remoto planeta al otro lado de la galaxia, la tripulación de la nave colonial Covenant descubre lo que creen que es un paraíso inexplorado, pero resulta tratarse de un mundo oscuro y hostil cuyo único habitante es un \"sintético\" llamado David (Michael Fassbender), superviviente de la malograda expedición Prometheus. Secuela de \"Prometheus\" (2012), a su vez precuela de \"Alien, el octavo pasajero\" (1979).',NULL,'Michael Fassbender, Katherine Waterston, Billy Crudup, Danny McBride, Demián Bichir, Carmen Ejogo, Jussie Smollett, Callie Hernandez, Amy Seimetz, Nathaniel Dean, Alexander England, Benjamin Rigby, Uli Latukefu, Tess Haubrich, Andrew Crawford, Guy Pierce, James Franco, Noomi Rapace, Javier Botet',122,'https://www.youtube.com/embed/svnAD0TApb8'),(61,'./posters/61.jpg','Life: Vida inteligente',2,10,'Life: Vida inteligente, Ciencia Ficción, Suspenso, Terror, Jake Gyllenhaal, Rebecca Ferguson, Ryan Reynolds, Hiroyuki Sanada, Airyon Bakare, Olga Dihovichnaya, Naoko Mori, Haruka Kuroda, Camiel Warren-Taylor','Seis miembros de la tripulación de la Estación Espacial Internacional que están a punto de lograr uno de los descubrimientos más importantes en la historia humana: la primera evidencia de vida extraterrestre en Marte. A medida que el equipo comienza a investigar y sus métodos tienen consecuencias inesperadas, la forma viviente demostrará ser más inteligente de lo que cualquiera esperaba.',NULL,'Jake Gyllenhaal, Rebecca Ferguson, Ryan Reynolds, Hiroyuki Sanada, Airyon Bakare, Olga Dihovichnaya, Naoko Mori, Haruka Kuroda, Camiel Warren-Taylor',106,'https://www.youtube.com/embed/viX9irZw9Cg'),(62,'./posters/62.jpg','Madame Curie',2,8,'Radioactive, Radioactividad, Radioactiva, Radioactivo, Madame Curie, Drama, Romance, Historia, Suceso Real, Marie Curie, Marie Sklodowska-Curie, Rosamund Pike, Sam Riley, Aneurin Barnard, Anya Taylor-Joy, Simon Russell Beale, Jonathan Aris, Corey Johnson, Tim Woodward, Katherine Parkinson','Basada en el libro \"A tale of love and fallout\" de Lauren Redniss, Radioactive es la historia biográfica sobre la científica polaca Marie Curie, la primera persona en recibir dos premios Nobel en distintas especialidades —Física y Química—, y la primera mujer en ocupar el puesto de profesora en la Universidad de París. Dirigida por Marjane Satrapi y protagonizada por Rosamund Pike como Marie Curie, está basada en la novela gráfica de Lauren Redniss.',NULL,'Rosamund Pike, Sam Riley, Aneurin Barnard, Anya Taylor-Joy, Simon Russell Beale, Jonathan Aris, Corey Johnson, Tim Woodward, Katherine Parkinson',115,'https://www.youtube.com/embed/w0jqppl-ybY'),(63,'./posters/63.jpg','The IT Crowd',1,12,'Comedia, Los informáticos, The IT Crowd, Chris O\'Dowd, Richard Ayoade, Katherine Parkinson, Matt Berry, Noel Fielding, Peter Serafinowicz, Gragam Linehan, Tom Binns, Lewis Macleod','En un desordenado sótano en las entrañas de Industrias Reynholm habitan Roy y Moss, los componentes del Departamento de informática. Víctimas del desprecio y del escarnio de sus compañeros más guays, su mundo de servidores y cortafuegos se ve interrumpido por la llegada de Jen, su nueva jefa, que sabe tanto de ordenadores como un yak.','4','Chris O\'Dowd, Richard Ayoade, Katherine Parkinson, Matt Berry, Noel Fielding, Peter Serafinowicz, Graham Linehan, Tom Binns, Lewis Macleod',NULL,'https://www.youtube.com/embed/wCa1jfo93jQ'),(64,'./posters/64.jpg','Humans',1,20,'Ciencia Ficción, Sci-Fi, Fantasía, Drama, Misterio, Humans, Katherine Parkinson, Gemma Chan, Emily Berrington, Lucy Carless, Colin Morgan, Theo Stevenson, Pixie Daves, Tom Goodman-Hill, Ivanno Jeremiah, Ruth Bradley, Will Tudor, Neil Maskell, Billy Jenkins, Bella Dayne, Thusitha Jayasumdera, Danny Webb, Carrie-Anne Moss, William Hurt','En un presente paralelo donde el último gadget que hay que tener para cualquier familia ocupada es un \"Synth\" - un sirviente robótico altamente desarrollado que es tan similar a un humano real que está transformando la manera en que vivimos.',NULL,'Katherine Parkinson, Gemma Chan, Emily Berrington, Lucy Carless, Colin Morgan, Theo Stevenson, Pixie Davies, Tom Goodman-Hill, Ivanno Jeremiah, Ruth Bradley, Will Tudor, Neil Maskell, Billy Jenkins, Bella Dayne, Thusitha Jayasumdera, Danny Webb, Carrie-Anne Moss, William Hurt',NULL,'https://www.youtube.com/embed/jLneN5gXQ9E'),(65,'./posters/65.jpg','Need for Speed',2,3,'Need for Speed, Acción, Drama, Suspenso, Aaron Paul, Dominic Cooper, Imogen Poots, Ramón Rodríguez, Michael Keaton, Rami Malek, Kid Cudi, Dakota Johnson, Harrison Gilbertson, Carmela Zumbado, Jalil Jay Lynch, Nick Chinlund, Chad Randall','El más famoso de los videojuegos de carreras llega a la gran pantalla para dejar a los más fanáticos boquiabiertos. Need for Speed cuenta la historia de un experto en automovilismo (Aaron Paul), el cual tiene un garage en dónde transforma coches para hacerlos más rápidos de lo que son para poder competir en carreras ilegales. Entró en la cárcel por un delito que no había cometido, justo cuando su mejor amigo muere en una carrera, y ahora sale de allí para vengarse.',NULL,'Aaron Paul, Dominic Cooper, Imogen Poots, Ramón Rodríguez, Michael Keaton, Rami Malek, Kid Cudi, Dakota Johnson, Harrison Gilbertson, Carmela Zumbado, Jalil Jay Lynch, Nick Chinlund, Chad Randall',130,'https://www.youtube.com/embed/u3wtVI-aJuw'),(66,'./posters/66.jpg','Mare of Easttown',1,4,'Mare of Easttown, Misterio, Drama, Crimen, Suspenso, Kate Winslet, Julianne Nicholson, Jean Smart, Angourie Rice, Evan Peters, Sosie Bacon, David Denman, Neal Huff, James McArdle, Guy Pearce, Cailee Spaeny, John Douglas Thompson, Joe Tippett, Cameron Mann, Chinasa Ogbuagu','Mare of Easttown es una miniserie estadounidense de drama y misterio creada por Brad Ingelsby cuenta la historia de Mare Sheehan, una detective de un pequeño pueblo de Pensilvania que investiga un asesinato local mientras trata de evitar que su vida se desmorone a raiz de la muerte de su hijo, su separación, y la posible restitución de su nieto a su madre biológica.','1','Kate Winslet, Julianne Nicholson, Jean Smart, Angourie Rice, Evan Peters, Sosie Bacon, David Denman, Neal Huff, James McArdle, Guy Pearce, Cailee Spaeny, John Douglas Thompson, Joe Tippett, Cameron Mann, Chinasa Ogbuagu',NULL,'https://www.youtube.com/embed/miQqyfO66uw'),(67,'./posters/67.jpg','Ray',2,8,'Ray, Ray Charles, ray charles, Jamie Foxx, Kerry Washington, Regina King, Harry Lennix, Clifton Powell, Bokeem Woodbine, Sharon Warren, C.J. Sanders, Curtis Armstrong, hit the road jack','La vida de Ray Charles es una alternancia de triunfos y fracasos personales que se suceden a lo largo de una dilatada y galardonada carrera en el mundo del espectáculo. Pero estamos hablando de un hombre que sintetizó sus luchas, su dolor y su oscuridad personal con la misma efectividad con la que supo fundir en su arte una miríada de estilos musicales: el jazz, el rhythm & blues, el rock & roll, el gospel y el country. Su historia tiene entonces un sentido muy distinto: la cadena de logros se transforma en el vibrante y conmovedor trayecto de un genio único con una visión propia que enseñó al mundo a escuchar música de una forma nueva. RAY es la biografía, nunca contada antes, de esa leyenda de la música americana que es Ray Charles. Se centra en el período más explosivo de la carrera de Charles, que comienza cuando este joven negro ciego se sube solo a un autobús en Florida y cruza el país para refinar su arte en la floreciente escena jazzística de Seattle.',NULL,'Jamie Foxx, Kerry Washington, Regina King, Harry Lennix, Clifton Powell, Bokeem Woodbine, Sharon Warren, C.J. Sanders, Curtis Armstrong',152,'https://www.youtube.com/embed/jVHCQfcugdw'),(68,'./posters/68.jpg','Black Mirror',1,20,'Black mirror, black mirror, Drama, Ciencia Ficción, Fantasía, Michaela Coel, Daniel Lapaine, Hannah John-Kamen, Andrew Roux, Claire Keelan, Sinéad Matthews, Anna Wilson-Jones, Paul Popplewell, Julia Davis, Ashely Thomas, Kerrie Hayes, Amy Beth Hayes, Rebekah Staton, Rhashan Stone, Phoebe Fox, Jimi Mistry, Tobias Menzies, Cherry Jones, Alice Eve, Susannah Fielding, Demetri Goritsas, Kadiff Kirwan, Sope Dirisu, Jackson Bews, Annabel Davis, Billy Griffin Jr., Paul Lawrence Kitson, Jeff Mash Patrick Kennedy, Lydia Wilson, Alastair Mackenzie, Chetna Pandya, Tuppence Middleton, Ian Bonar, Elisabeth Hopper, Nick Bartlett, Wunmi Mosaku, Alex Lawther, Jerome Flynn, Susannah Doyle, Madeline Brewer, Ariane Labed, Sarah Snook, Michael Kelly, Jola Bokinni, Faye Marsay, Benefict Wong, Jonas Karlsson, Chloe Pirrie, Eugene O Hare, Indira Ainger, James Lance, David Ajala, Sarah Abbott, Maxine Peake, Jake Davies, Clint Dyer, Letitia Wright, Babs Olusanmokun, Georgina Campbell, Jesse Plemons, Jimmi Simpson, Aaron Paul, Aldis Hodge, Kiran Sonia Sawar, Miley Cyrus, Anthony Mackie, Nicole Beharie, Bryce Dallas Howard, Mackenzie Davis, Gugu Mbatha-Raw','Black Mirror es una serie de televisión británica creada por Charlie Brooker que muestra el lado oscuro de la vida y la tecnología. La serie es producida por Zeppotron para Endemol. En cuanto al contenido del programa y la estructura, Brooker ha señalado que \"cada episodio tiene un tono diferente, un entorno diferente, incluso una realidad diferente, pero todos son acerca de la forma en que vivimos ahora - y la forma en que podríamos estar viviendo en 10 minutos si somos torpes\".','5','Michaela Coel, Daniel Lapaine, Hannah John-Kamen, Andrew Roux, Claire Keelan, Sinéad Matthews, Anna Wilson-Jones, Paul Popplewell, Julia Davis, Ashley Thomas, Kerrie Hayes, Amy Beth Hayes, Rebekah Staton, Rhashan Stone, Phoebe Fox, Jimi Mistry, Tobias Menzies, Cherry Jones, Alice Eve, Susannah Fielding, Demetri Goritsas, Kadiff Kirwan, Sope Dirisu, Jackson Bews, Annabel Davis, Billy Griffin Jr., Paul Lawrence Kitson, Jeff Mash, Patrick Kennedy, Lydia Wilson, Alastair Mackenzie, Chetna Pandya, Tuppence Middleton, Ian Bonar, Elisabeth Hopper, Nick Bartlett, Wunmi Mosaku, Alex Lawther, Jerome Flynn, Susannah Doyle, Madeline Brewer, Ariane Labed, Sarah Snook, Michael Kelly, Jola Bokinni, Faye Marsay, Benedict Wong, Jonas Karlsson, Chloe Pirrie, Eugene O\'Hare, Indira Ainger, James Lance, David Ajala, Sarah Abbott, Maxine Peake, Jake Davies, Clint Dyer, Letitia Wright, Babs Olusanmokun, Georgina Campbell, Jesse Plemons, Jimmi Simpson, Aaron Paul, Aldis Hodge, Kiran Sonia Sawar, Miley Cyrus, Anthony Mackie, Nicole Beharie, Bryce Dallas Howard, Mackenzie Davis, Gugu Mbatha-Raw',NULL,'https://www.youtube.com/embed/jVHCQfcugdw'),(69,'./posters/69.jpg','Detrás de sus ojos',1,4,'Detrás de sus ojos, Behind her eyes, Drama, Suspenso, Crimen, Simona Brown, Eve Hewson, Toma Bateman, Robert Aramayo, Tyler Howitt, Georgie Glen, Kamontip Krissy Ashton, Rob Horrocks, Joakim Skarli','Una madre soltera se adentra en un mundo de retorcidos juegos psicológicos cuando inicia una relación cuasi-no consentida con su jefe, un psiquiatra, y se hace amiga en secreto de su misteriosa esposa. La trama se bassa en un thriller sobre un triángulo amoroso perverso, más la introducción sutilmente de un elemento clave, que dará un giro notable a la obra.','1','Simona Brown, Eve Hewson, Toma Bateman, Robert Aramayo, Tyler Howitt, Georgie Glen, Kamontip Krissy Ashton, Rob Horrocks, Joakim Skarli',NULL,'https://www.youtube.com/embed/c4LtoWQaLxk'),(70,'./posters/70.jpg','Her',2,20,'Drama, Sci-Fi, Ciencia Ficción, Romance, Her, her, Ella, ella, Joaquin Phoenix, Scarlett Johansson, Amy Adams, Rooney Mara, Olivia Wilde, Chris Pratt, Matt Letscher, Portia Doubleday, Spike Jonze','En un futuro cercano, Theodore, un hombre solitario a punto de divorciarse que trabaja en una empresa como escritor de cartas para terceras personas, compra un día un nuevo sistema operativo basado en el modelo de Inteligencia Artificial, diseñado para satisfacer todas las necesidades del usuario. Para su sorpresa, se crea una relación romántica entre él y Samantha, la voz femenina de ese sistema operativo.',NULL,'Joaquin Phoenix, Scarlett Johansson, Amy Adams, Rooney Mara, Olivia Wilde, Chris Pratt, Matt Letscher, Portia Doubleday, Spike Jonze',126,'https://www.youtube.com/embed/UVMcpZ42BkA'),(71,'./posters/71.jpg','Misión Imposible',2,3,'Drama, Acción, Romance, Misión Imposible, misión imposible, mission impossible, Mission Impossible, Tom Cruise, Jon Voight, Emmanuelle Béart, Henry Czerny, Jean Reno, Ving Rhames, Kristin Scott Thomas, Vanessa Redgrave, Ingeborga Dapkünaitè','Ethan Hunt es un superespía capaz de resolver cualquier arriesgada situación con la máxima elegancia. Forma parte de un competente equipo dirigido por el agente Jim Phelps, que ha vuelto a reunir a sus hombres para participar en una dificilísima misión: evitar la venta de un disco robado que contiene información secreta de vital importancia.',NULL,'Tom Cruise, Jon Voight, Emmanuelle Béart, Henry Czerny, Jean Reno, Ving Rhames, Kristin Scott Thomas, Vanessa Redgrave, Ingeborga Dapkünaitè',110,'https://www.youtube.com/embed/Ohws8y572KE'),(72,'./posters/72.jpg','El agente de C.I.P.O.L.',2,3,'Drama, Acción, Aventura, Comedia, The Man from, the man from, Operación U.N.C.L.E., UNCLE, uncle u.n.c.l.e., El agente de CIPOL, Cipol, C.I.P.O.L., Henry Cavill, Armie Hammer Alicia Vikander, Elizabeth Debicki, Luca Calvani, Sylvester Groth, Hugh Grant, Jared Harris, Christian Berkel, Misha Kuznetsov, Guy Williams, Marianna Di Martino','Guerra fría, años 60. Narra las aventuras de dos agentes secretos que se parecen más de lo que creen: Napoleon Solo, de la CIA, e Illya Kuryakin, del KGB. Ambos se ven obligados a olvidar sus diferencias y formar un equipo cuya misión será poner fin a una misteriosa organización criminal internacional que pretende desestabilizar el frágil equilibrio de poder provocado por la proliferación de las armas nucleares. La hija de un científico alemán desaparecido es la clave para infiltrarse en la organización, encontrar al científico y evitar una catástrofe mundial.',NULL,'Henry Cavill, Armie Hammer, Alicia Vikander, Elizabeth Debicki, Luca Calvani, Sylvester Groth, Hugh Grant, Jared Harris, Christian Berkel, Misha Kuznetsov, Guy Williams, Marianna Di Martino',116,'https://www.youtube.com/embed/Ohws8y572KE'),(73,'./posters/73.jpg','Malcolm el de en medio',1,2,'Malcolm el de en medio, Malcolm, Malcolm, Sitcom, Comedia, Drama, Frankie Muniz, Bryan Cranston, Justin Berfield, Erik Per Sullivan, Christopher Masterson, Jane Kaczmarek, David Anthony Higgins, Patton Oswalt, Jessica Walter, Aidan Quinn, Josh Brolin, Mary Elizabeth Winstead','Malcolm es un joven genio de la escuela secundaria que es el hijo del medio de una familia disfuncional. Mientras lucha por sobrellevar la vida de adolescente en un mundo que parece estar en su contra, es constantemente interrumpido por las travesuras de su excéntrica familia. La serie se desarrolla en un suburbio de Estados Unidos y se centra en las interacciones de Malcolm con su familia y amigos.','7','Dwayne Johnson, Kevin Hart, Jack Black, Karen Gillan, Nick Jonas, Rhys Darby, Bobby Cannavale, Alex Wolff, Ser\'Darius Blain, Madison Iseman, Morgan Turner, Sean Buxton, Mason Guccione, Marin Hinkle, Colin Hanks',119,'https://www.youtube.com/embed/s5XoxWoJejI'),(74,'./posters/74.jpg','Bohemian Rhapsody',2,2,'Bohemian Rhapsody, Música, Drama, Biografía, Rami Malek, Lucy Boynton, Gwilym Lee, Ben Hardy, Joe Mazzello, Aidan Gillen, Tom Hollander, Allen Leech, Mike Myers, Adam Lambert, Roger Taylor, Brian May','La historia de la icónica banda británica Queen, desde sus inicios hasta su icónico concierto en Live Aid en 1985. A través de la vida de Freddie Mercury, exploramos el ascenso de la banda, sus desafíos y su legado musical, culminando en una celebración del espíritu de la música y de la vida misma.',NULL,'Gal Gadot, Chris Pine, Kristen Wiig, Pedro Pascal, Robin Wright, Connie Nielsen, Lilly Aspell, Amr Waked, Kristoffer Polaha',151,'https://www.youtube.com/embed/l3AK7b07dTA'),(75,'./posters/75.jpg','La casa de papel',1,11,'La casa de papel, Money Heist, Drama, Suspenso, Álvaro Morte, Úrsula Corberó, Itziar Ituño, Pedro Alonso, Álba Flores, Miguel Herrán, Jaime Lorente, Esther Acebo, Darko Peric, Enrique Arce, Fernando Soto, Najwa Nimri, Rodrigo de la Serna, Enrique Arce, Javier Gómez, Jesús Castro, Hovik Keuchkerian','Un grupo de criminales, liderados por un personaje conocido como El Profesor, ejecuta un atraco a la Real Casa de la Moneda de España. A medida que avanza la trama, se desarrolla una tensión emocional y psicológica entre los atracadores y los rehenes, explorando temas de amor, lealtad y la lucha contra el sistema.','5','Ben Affleck, Anna Kendrick, J.K. Simmons, Jon Bernthal, Jeffrey Tambor, Cynthia Addai-Robinson, John Lithgow, Jean Smart, Andy Umberger, Alison Wright, Daeg Faerch, Seth Lee, Tait Fletcher, Angel Giuffria, Ron Yuan, Scott Hunter, Dennis Keiffer, Jake Presley',128,'https://www.youtube.com/embed/Sqs8BIBuw7g'),(76,'./posters/76.jpg','Mala Educación',2,8,'Mala Educación, Bad Education, mala educación, bad education, Suceso Real, Drama, Historia, Hugh Jackman, Allison Janney, Geraldine Viswanathan, Alex Wolff, Rafael Casal, Stephen Spinella, Annaleigh Ashford, Ray Romano, Hari Dhillon, Jerremy Shamos, Stephanie Kurtzuba, Catherine Curtin, Kathrine Narducci, Ray Abruzzo, Frank Tassone, La Estafa, la estafa, algunas personas aprenden de manera difícil','Frank Tassone, uno de los superintendentes más destacados del distrito escolar de Roslyn en Nueva York se desvive a diario para que la educación de sus alumnos sea la mejor. Pero de forma paralela, este se lucra con dinero público para llevar una vida llena de lujos. Así, Tassone y su personal, amigos y familiares, se convierten en los principales sospechosos del mayor escándalo de malversación de fondos ocurrido en una escuela pública de toda la historia de los Estados Unidos. (Algunas personas aprenden de manera difícil.)',NULL,'Hugh Jackman, Allison Janney, Geraldine Viswanathan, Alex Wolff, Rafael Casal, Stephen Spinella, Annaleigh Ashford, Ray Romano, Hari Dhillon, Jerremy Shamos, Stephanie Kurtzuba, Catherine Curtin, Kathrine Narducci, Ray Abruzzo',108,'https://www.youtube.com/embed/DBfsgcswlYQ'),(78,'./posters/78.jpg','Noche en el Museo',2,11,'Noche en el museo, una noche en el museo, Night at the Museum, Aventura, Ciencia Ficción, Comedia, Familia, Acción, Ben Stiller, Robin Williams, Carla Gugino, Dick Van Dyke, Steve Coogan, Jake Cherry, Mickey Rooney, Bill Cobbs, Owen Wilson, Ricky Gervais, Kim Raver, Rami Malek, Mizuo Peck','Un padre divorciado trata de establecerse, impresionar a su hijo y encontrar su destino. Él se presenta para un trabajo como vigilante nocturno en el Museo Americano de Historia Natural de la ciudad de Nueva York y, posteriormente, descubre que los objetos expuestos, animados por un artefacto mágico de Egipto, vuelven a la vida durante la noche. Al principio le va muy mal tratando de mantener el orden y la calma en el museo, pero al final se vuelve muy buen amigo de todos y juntos ayudan a recuperar aquel artefacto mágico egipcio, ya que ha sido robado por los antiguos vigilantes del museo.',NULL,'Ben Stiller, Robin Williams, Carla Gugino, Dick Van Dyke, Steve Coogan, Jake Cherry, Mickey Rooney, Bill Cobbs, Owen Wilson, Ricky Gervais, Kim Raver, Rami Malek, Mizuo Peck',108,'https://www.youtube.com/embed/B2G-8raHvOU'),(79,'./posters/79.jpg','Bohemian Rhapsody',2,8,'Bohemian Rhapsody, Rapsodia Bohemia, rapsodia bohemia, Queen, queen, Freddy Mercury, freddy mercury, Freddie Mercury, freddie mercury, Rami Malek, Gwilym Lee, Ben Hardy, Joseph Mazzello, Lucy Boynton, Aidan Gillen, Allen Leech, Tom Hollander, Mike Myers, Suceso Real, Drama, Historia, Música','Bohemian Rhapsody es una rotunda y sonora celebración de Queen, de su música y de su extraordinario cantante Freddie Mercury, que desafió estereotipos e hizo añicos tradiciones para convertirse en uno de los showmans más queridos del mundo. La película plasma el meteórico ascenso al olimpo de la música de la banda a través de sus icónicas canciones y su revolucionario sonido, su crisis cuando el estilo de vida de Mercury estuvo fuera de control, y su triunfal reunión en la víspera del Live Aid, en la que Mercury, mientras sufría una enfermedad que amenazaba su vida, lidera a la banda en uno de los conciertos de rock más grandes de la historia. Veremos cómo se cimentó el legado de una banda que siempre se pareció más a una familia, y que continúa inspirando a propios y extraños, soñadores y amantes de la música hasta nuestros días.',NULL,'Rami Malek, Gwilym Lee, Ben Hardy, Joseph Mazzello, Lucy Boynton, Aidan Gillen, Allen Leech, Tom Hollander, Mike Myers',134,'https://www.youtube.com/embed/mP0VHJYFOAU'),(80,'./posters/80.jpg','Rock of ages',2,12,'La era del rock, Rock of ages, Música, Musical, Comedia, Romance, Drama, Julianne Hough, Diego Boneta, Tom Cruise, Alec Baldwin, Russell Brand, Malin Åkerman, Paul Giamatti, Bryan Cranston, Catherine Zeta-Jones, Mary J. Blige, Erica Frene, Shane Hartline, James Martin Kelly, Will Forte, Eli Roth, Bourbone Room, Wishky A-gogo','Los Ángeles, 1987: Un aspirante a roquero y una chica que trabajan en el mismo club (Bourbone Room) se enamoran y tratan de impedir que el local caiga en manos de unos empresarios que quieren demolerlo. Esta película es la adaptación cinematográfica del musical homónimo de Broadway.',NULL,'Julianne Hough, Diego Boneta, Tom Cruise, Alec Baldwin, Russell Brand, Malin Åkerman, Paul Giamatti, Bryan Cranston, Catherine Zeta-Jones, Mary J. Blige, Erica Frene, Shane Hartline, James Martin Kelly, Will Forte, Eli Roth',123,'https://www.youtube.com/embed/mP0VHJYFOAU'),(81,'./posters/81.jpg','Super 8',2,20,'Super 8, Suspenso, Ciencia ficción, Misterio, Sci-Fi, Joel Courtney, Elle Fanning, Riley Griffiths, Kyle Chandler, Noah Emmerich, AJ Michalka, Ryan Lee, Ron Eldard, Gabriel Basso','Año 1979, en un pequeño pueblo de Ohio. Joe Lamb (Joel Courtney) es un muchacho que ha perdido a su madre en un accidente y que vive con su padre policía (Kyle Chandler). Comenzado el verano, y mientras rueda una película de zombis en Super 8 con sus amigos -y sobre todo con la bella Alice Dainard (Elle Fanning)-, Joe observa cómo una camioneta se estrella contra un tren de mercancías, provocando su descarrilamiento y un terrible accidente. A partir de ese momento cosas extrañas e inexplicables comienzan a suceder en el pueblo.',NULL,'Joel Courtney, Elle Fanning, Riley Griffiths, Kyle Chandler, Noah Emmerich, AJ Michalka, Ryan Lee, Ron Eldard, Gabriel Basso',82,'https://www.youtube.com/embed/QtZ6BQRDk4g'),(82,'./posters/82.jpg','Jurassic World - El reino caido',2,11,'Jurassic World - El reino caido, fallen kingdom, jurassic world, Jurassic Park, jurassic park, Chris Pratt, Bryce Dallas Howard, Rafe Spall, Justice Smith, Daniella Pineda, James Cromwell, Toby Jones, Ted Levine, Jeff Goldblum, BD Wong, Geraldine Chaplin, Isabella Sermon, Kevin Layne','Tras cuatro años de abandono del complejo turístico Jurassic World, la isla Nublar solo está habitada por los dinosaurios supervivientes, pero el volcán inactivo de la isla comienza a cobrar vida, Owen y Claire montan una campaña para rescatar a los dinosaurios restantes en la isla.',NULL,'Chris Pratt, Bryce Dallas Howard, Rafe Spall, Justice Smith, Daniella Pineda, James Cromwell, Toby Jones, Ted Levine, Jeff Goldblum, BD Wong, Geraldine Chaplin, Isabella Sermon, Kevin Layne',82,'https://www.youtube.com/embed/vn9mMeWcgoM'),(83,'./posters/83.jpg','Indiana Jones - y el Reino de la Calavera de Cristal',2,11,'Indiana Jones - y el Reino de la Calavera de Cristal, Harrison Ford, Shia LaBeouf, Cate Blanchett, Karen Allen, Ray Winstone, John Hurt, Jim Broadbent, Igor Jijikine, Dimitri Diatchenko, Kingdom of the crystal skull, Crystal Skull, kingdom','Guerra Fría (1957). Indiana Jones (Harrison Ford) y su amigo Mac (Ray Winstone) acaban de escapar de las garras de unos agentes soviéticos en un remoto aeropuerto. El decano de la Universidad (Jim Broadbent) le confiesa a su amigo el profesor Jones que las últimas misiones de Indy han fracasado y que está a punto de ser despedido. Mientras tanto, Indiana conoce a Mutt (Shia LaBeouf), un joven rebelde que le propone un trato: si le ayuda a resolver un problema personal, él, a cambio, le facilitaría uno de los descubrimientos más espectaculares de la historia: la Calavera de Cristal de Akator, que se encuentra en un lugar remoto del Perú. Pero los agentes soviéticos, dirigidos por la fría y bella Irina Spalko (Cate Blanchett), tienen el mismo objetivo.',NULL,'Harrison Ford, Shia LaBeouf, Cate Blanchett, Karen Allen, Ray Winstone, John Hurt, Jim Broadbent, Igor Jijikine, Dimitri Diatchenko',127,'https://www.youtube.com/embed/WAdJf4wTC5Y'),(84,'./posters/84.jpg','Los Goonies',2,13,'Los Goonies, the goonies, The Goonies, los goonies, Familia, Aventura, Acción, Sean Astin, Josh Brolin, Jeff Cohen, Corey Feldman, Kerri Green, Martha Plimpton, Jonathan Ke Quan, Jogn matuszak, Robert Davi','Mikey, un muchacho de trece años, que junto con su hermano mayor y sus amigos se hacen llamar \"Los Goonies\", decide subir a jugar al desván de su casa, donde su padre guarda antigüedades. Allí, el grupo encuentra el mapa de un tesoro y emprende un fabuloso viaje para validar la veracidad de dicho mapa, y encontrar ese tesoro tan preciado por estos amigos inseparables.',NULL,'Sean Astin, Josh Brolin, Jeff Cohen, Corey Feldman, Kerri Green, Martha Plimpton, Jonathan Ke Quan, Jogn Matuszak, Robert Davi',114,'https://www.youtube.com/embed/hJ2j4oWdQtU'),(85,'./posters/85.jpg','Los Muertos no mueren',2,13,'Los muertos no mueren, The dead don\'t die, Zombies, Susto, Humor, Comedia, Fantasía, Drama, Bill Murray, Adam Driver, Chloë Sevigny, Tilda Swinton, Steve Buscemi, Danny Glover, Selena Gomez','La película se desarrolla en la tranquila y remota ciudad de Centerville, donde una serie de muertes y comportamientos extraños empiezan a ocurrir. Los habitantes pronto se dan cuenta que están ante un apocalipsis zombie que se está apoderando de su ciudad, así que los policías locales (Bill Murray y Adam Driver) deberán hacer lo que esté en sus manos para intentar detenerlo y sobrevivir.',NULL,'Owen Wilson, Bonnie Hunt, Paul Newman, Larry the Cable Guy, Tony Shalhoub, Cheech Marin, Michael Wallis, George Carlin, Paul Dooley',114,'https://www.youtube.com/embed/YIMaWTTzt2U'),(86,'./posters/86.jpg','Los pingüinos de Madagascar',2,13,'Los pingüinos de Madagascar, pinguinos, pingüinos de madagascar, Penguins, Madagascar, Familia, Animación, Aventura, Comedia, John DiMaggio, Chris Miller, Tom McGrath, Danny Jacobs, Andy Richter, Nicole Sullivan, Christopher Knights, Wayne Knight','Los pingüinos llevan sus misiones en su hábitat en el Parque Central. Aparecen Julien, el rey de los lémures, y sus súbditos Maurice y Mort, sus nuevos vecinos, que constituyen la exhibición de lémures en el zoológico. Ahora los pingüinos deben mantener las cosas bajo control, a menudo a pesar de las payasadas de los lémures así como auxiliar en labores poco comunes o aventuras fuera de lo común. Skipper rara vez llama al Rey Julien por su nombre, dirigiéndose a él siempre como \"Cola anillada\".',NULL,'John DiMaggio, Chris Miller, Tom McGrath, Danny Jacobs, Andy Richter, Nicole Sullivan, Christopher Knights, Wayne Knight',101,'https://www.youtube.com/embed/SbXIj2T-_uk'),(87,'./posters/87.jpg','Cementerio de animales',2,17,'Cementerio de animales, Pet Sematary, Pet Cemetery, cementerio de animales, pet sematary, cemetery, Dale Midkiff, Terror, Drama, Suspenso, Fred Gwynne, Denise Crosby, Brad Greenquist, Michael Lombard, Miko Hughes, Blaze Berdahl, Susan Blommaert, Mara Clark','Louis Creed, su esposa y sus dos niños se instalan en una vivienda próxima a una carretera con mucho tráfico. Cerca de la casa hay un sendero que lleva a un cementerio de animales y también a un antiguo cementerio indio; según la leyenda, los que sean enterrados allí volverán a la vida. Cuando uno de los niños muere atropellado por un camión, Louis decide enterrarlo en el cementerio indio.',NULL,'Dale Midkiff, Fred Gwynne, Denise Crosby, Brad Greenquist, Michael Lombard, Miko Hughes, Blaze Berdahl, Susan Blommaert, Mara Clark',103,'https://www.youtube.com/embed/JMao8sg4DPA'),(88,'./posters/88.jpg','Poltergeist',2,17,'Poltergeist, Fenómenos extraños, fenómenos, fenomenos, Craig T. Nelson, JoBeth Williams, Beatrice Straight, Dominique Dunne, Oliver Robins, Heather O\'Rourke, Michael McManus, Virginia Kiser, Martin Casella, Terror, Drama, Suspenso, ya están aquí, ya estan aqui, they are here, They are Here','Una familia americana de clase media se traslada a vivir a una nueva casa en un aparentemente idílico barrio, pero dentro de la casa comienzan a suceder cosas extrañas, fenómenos paranormales para los que no hay explicación posible.',NULL,'Craig T. Nelson, JoBeth Williams, Beatrice Straight, Dominique Dunne, Oliver Robins, Heather O\'Rourke, Michael McManus, Virginia Kiser, Martin Casella',114,'https://www.youtube.com/embed/9eZgEKjYJqA'),(89,'./posters/89.jpg','El código Da Vinci',2,11,'El código Da Vinci, davinci code, DaVinci Code, Aventura, Drama, Suspenso, Misterio, Tom Hanks, Audrey Tautou, Ian McKellen, Jean Reno, Paul Bettany, Alfred Molina, Jürgen Prochnow, Jean-Yves Berteloot, Etienne Chicot, Profesor Langdon, professor langdon, Robert Langdon, Louvre, Sophie Neveu, Leonardo Da Vinci','El catedrático y afamado simbologista Robert Langdon se ve obligado a acudir una noche al Museo del Louvre, cuando el asesinato de un restaurador deja tras de sí un misterioso rastro de símbolos y pistas. Con la ayuda de la criptógrafa de la policía Sophie Neveu y poniendo en juego su propia vida, Langdon descubre que la obra de Leonardo Da Vinci esconde una serie de misterios que apuntan a una sociedad secreta encargada de custodiar un antiguo secreto que ha permanecido oculto durante dos mil años.',NULL,'Tom Hanks, Audrey Tautou, Ian McKellen, Jean Reno, Paul Bettany, Alfred Molina, Jürgen Prochnow, Jean-Yves Berteloot, Etienne Chicot',249,'https://www.youtube.com/embed/lfqHb6INj3w'),(90,'./posters/90.jpg','Johnny English',2,12,'Johnny English, Comedia, Familia, Acción, Rowan Atkinson, Natalie Imbruglia, Ben Miller, John Malkovich, Greg Wise, Tasha de Vasconcelos, Douglas McFerran, Steve Nicolson, Terence Harvey','Las joyas de la Corona de su Majestad han desaparecido. Detrás de ello se esconde Pascal Sauvage (John Malkovich), que también conspira para hacerse con el trono de la reina. La misión es asignada a Johnny English (Rowan Atkinson), un agente tan entregado al trabajo como inexperto. Desde ese momento la información confidencial, los coches de lujo y la tecnología más sofisticada forman parte de su rutina diaria.',NULL,'Rowan Atkinson, Natalie Imbruglia, Ben Miller, John Malkovich, Greg Wise, Tasha de Vasconcelos, Douglas McFerran, Steve Nicolson, Terence Harvey',188,'https://www.youtube.com/embed/EG0MR5dFz7E'),(91,'./posters/91.jpg','Almost Famous',2,4,'Drama, Música, Suceso Real, Almost Famous, Casi Famosos, Billy Crudup, Frances McDormand, Kate Hudson, Patrick Fugit, Jason Lee, Zoey Deschanel, Michael Angarano, Anna Paquin, Fairuzza Balk, Rolling Stone','Homenaje al rock de los 70. Gracias a sus buenas críticas musicales, un adolescente que aspira a ser periodista es contratado por la revista \"Rolling Stone\" para cubrir la gira de una famosa banda. A pesar de su juventud y de la oposición de su madre, el chico vivirá con los músicos y sus fans una aventura inolvidable. Basada en la propia experiencia de Crowe.',NULL,'Billy Crudup, Frances McDormand, Kate Hudson, Patrick Fugit, Jason Lee, Zoey Deschanel, Michael Angarano, Anna Paquin, Fairuzza Balk',122,'https://www.youtube.com/embed/aQXh_AaJXaM'),(92,'./posters/92.jpg','Escuela de Rock',2,12,'Jack Black, Joan Cusack, Mike White, Sarah Silverman, Lee Wilkof, Kate McGregor-Stewart, Adam Pascal, Suzzane Douglas, Miranda Cosgrove, Escuela de Rock, escuela de rock, School of Rock, school of rock, Comedia, Música, Familia, Dewey Finn','Dewey Finn -Jack Black- es un guitarrista con delirios de grandeza que es expulsado de su banda. Desesperado por encontrar un trabajo ante su falta de dinero, suplanta la identidad de un profesor sustituto para dar clase en una escuela privada a los pequeños alumnos pre-adolescentes de 5o grado a los que intentará enseñarles el \"rock & roll de alto voltaje\".',NULL,'Jack Black, Joan Cusack, Mike White, Sarah Silverman, Lee Wilkof, Kate McGregor-Stewart, Adam Pascal, Suzzane Douglas, Miranda Cosgrove',110,'https://www.youtube.com/embed/TExoc0MG4I4'),(93,'./posters/93.jpg','Mi pobre angelito',2,13,'Familia, Comedia, Música, Mi pobre angelito, home alone, Home Alone, Solo en casa, Kevin McAllister, Macaulay Culkin, Joe Pesci, Daniel Stern, John Heard, Catherine O\'Hara, Roberts Blossom, Devin Ratray, Michael C. Maronna, Hillary Wolf','Kevin McAllister es un niño de ocho años, miembro de una familia numerosa, que accidentalmente se queda abandonado en su casa cuando toda la familia se marcha a pasar las vacaciones a Francia. Kevin aprende a valerse por sí mismo e incluso a protegerse de Harry y Marv, dos bribones que se proponen asaltar todas las casas cerradas de su vecindario. Cuando su madre Kate lo hecha en falta, realiza un pintoresco viaje de vuelta contra reloj a Chicago para recuperar a su hijo.',NULL,'Macaulay Culkin, Joe Pesci, Daniel Stern, John Heard, Catherine O\'Hara, Roberts Blossom, Devin Ratray, Michael C. Maronna, Hillary Wolf',102,'https://www.youtube.com/embed/jEDaVHmw7r4'),(94,'./posters/94.jpg','Aprendices fuera de línea',2,12,'Aprendices fuera de línea, aprendices fuera de línea, los becarios, Los Becarios, The internships, Internships, Familia, Comedia, Owen Wilson, Vince Vaughn, Will Ferrell, Rose Byrne, Aasif Mandvi, Max Minghella, Josh Brener, Dylan O\'Brien, Tiya Sircar, Tobit Raphael, Josh Gad, Jessica Szohr, Rob Riggle, Eric André, Harvey Guillén, Gary Anthony Williams, Bruno Amato, B.J. Novak, Karen Ceesay, John Goodman','Cuando dos cuarentones vendedores de relojes son despedidos de sus respectivos trabajos, convencidos ambos de que no se han adaptado a los cambios de las nuevas tecnologías, deciden empezar de nuevo y buscar trabajo en la empresa más exitosa de Internet: Google. Finalmente consiguen un contrato de prácticas como becarios. La locura comienza cuando se ven compitiendo para conseguir el puesto con jóvenes veinteañeros, mucho más listos y más familiarizados con el mundo digital que ellos.',NULL,'Owen Wilson, Vince Vaughn, Will Ferrell, Rose Byrne, Aasif Mandvi, Max Minghella, Josh Brener, Dylan O\'Brien, Tiya Sircar, Tobit Raphael, Josh Gad, Jessica Szohr, Rob Riggle, Eric André, Harvey Guillén, Gary Anthony Williams, Bruno Amato, B.J. Novak, Karen Ceesay, John Goodman',125,'https://www.youtube.com/embed/tn02SPT6ivM'),(95,'./posters/95.jpg','Outsourced',1,12,'Outsourced, Tercerizado, Tercerizados, tercerizados, outsourced, outsource, tercerizado, Comedia, Familia, Rebecca Hazlewood, Sacha Dhawan, Diedrich Bader, Pippa Black, Parvesh Ceena, Thushari Jayasekera, Ben Rappaport, Guru Singh, Rizwan Manji, Anisha Nagarajan, Carla Gallo, Radhika Chaudhari, Nicholas Logan','Ambientada en el continente estadounidense, una empresa norteamericana que busca reducir los gastos, asciende a su mejor empleado del Call Center, poniéndolo a cargo del mismo. La única condición para dicho empleado, es viajar a la India, lugar en el mundo donde tercerizan el servicio ode atención al cliente, para abaratar costos. Allí, en la Ciudad de Bombay, los nativos le explican la cultura indú a los nóveles norteamericanos, y viceversa. Tendrán que convivir cada uno de los empleados de estos diferentes países, con sus pares y/o jefes opuestos en cultura.','1','Rebecca Hazlewood, Sacha Dhawan, Diedrich Bader, Pippa Black, Parvesh Ceena, Thushari Jayasekera, Ben Rappaport, Guru Singh, Rizwan Manji, Anisha Nagarajan, Carla Gallo, Radhika Chaudhari, Nicholas Logan',NULL,'https://www.youtube.com/embed/_wR3LhFlgGo'),(96,'./posters/96.jpg','Miedo Profundo',2,10,'Miedo Profundo, miedo profundo, the shallows, The Shallows, Suspenso, Drama, Infierno Azul, infierno azul, Terror, Blake Lively, Óscar Jaenada, Janelle Bailley, Chelsea Moody, Angelo Josue Lozano Corzo, José Manuel Trujillo Salas, Brett Cullen, Sedona Legge, Pablo Calva','Nancy, una estudiante de medicina apasionada del surfing, es una joven que trata de superar la pérdida de su madre. Un día, practicando surf en una solitaria playa mexicana se queda atrapada en un islote a sólo cien metros de la costa. El problema está en que un enorme tiburón blanco se interpone entre ella y la otra orilla.',NULL,'Blake Lively, Óscar Jaenada, Janelle Bailley, Chelsea Moody, Angelo Josue Lozano Corzo, José Manuel Trujillo Salas, Brett Cullen, Sedona Legge, Pablo Calva',86,'https://www.youtube.com/embed/EgdxIlSuB70'),(97,'./posters/97.jpg','Everest',2,8,'Everest, everest, monte everest, Monte Everest, Suceso Real, Suspenso, Drama, Jason Clarke, Josh Brolin, Jake Gyllenhaal, Jogn Hawkes, Sam Worthington, Emily Watson, Martin Henderson, Michael Kelly, Keira Knightley, Robin Wright, Thomas M. Wright, Clive StandenNaoko Mori, Mia Goth, Elizabeth Debicki, Tom Goodman-Hill, Vanessa Kirby','Inspirada en los hechos que tuvieron lugar durante un intento por alcanzar el pico más alto del mundo, narra las peripecias de dos expediciones que se enfrentan a la peor tormenta de nieve conocida. En un desesperado esfuerzo por sobrevivir, el temple de los alpinistas se ve puesto a prueba al tener que enfrentarse a la furia desatada de los elementos y a obstáculos casi insuperables.',NULL,'Jason Clarke, Josh Brolin, Jake Gyllenhaal, Jogn Hawkes, Sam Worthington, Emily Watson, Martin Henderson, Michael Kelly, Keira Knightley, Robin Wright, Thomas M. Wright, Clive Standen, Naoko Mori, Mia Goth, Elizabeth Debicki, Tom Goodman-Hill, Vanessa Kirby',121,'https://www.youtube.com/embed/5ZQVpPiOji0'),(98,'./posters/98.jpg','La Familia Addams',2,13,'La Familia Addams, la familia addams, adams, Los locos Addams, Los locos Adams, The Addams Family, the addams family, Familia, Comedia, Fantasía','El delirante y gótico estilo de vida de la peculiar familia Addams se ve amenazado peligrosamente cuando el codicioso dúo que forman madre e hijo, con la ayuda de un abogado sin ningún escrúpulos, conspiran para hacerse con la fortuna familiar... (No se pierdan las locutras de Gomez, Morticia, Tío Lucas, Merlina, El tío Cosas, Dedos y Largo)',NULL,'Raúl Juliá, Anjelica Huston, Christopher Lloyd, Christina Ricci, Carel Struycken, Dan Hedaya, Jimmy Workman, Elizabeth Wilson, Dana Ivey',101,'https://www.youtube.com/embed/G388UMkJIBE');
/*!40000 ALTER TABLE `contenido` ENABLE KEYS */;
UNLOCK TABLES;

--
-- Table structure for table `contenido_actor`
--

DROP TABLE IF EXISTS `contenido_actor`;
/*!40101 SET @saved_cs_client     = @@character_set_client */;
/*!50503 SET character_set_client = utf8mb4 */;
CREATE TABLE `contenido_actor` (
  `peli_id` int NOT NULL,
  `actor_id` int DEFAULT NULL,
  KEY `contenido_actor_fk_0_idx` (`peli_id`),
  KEY `contenido_actor_fk1_idx` (`actor_id`),
  CONSTRAINT `actor_id` FOREIGN KEY (`actor_id`) REFERENCES `actor` (`actor_id`),
  CONSTRAINT `peli_id` FOREIGN KEY (`peli_id`) REFERENCES `contenido` (`peli_id`) ON DELETE RESTRICT ON UPDATE RESTRICT
) ENGINE=InnoDB DEFAULT CHARSET=utf8mb3;
/*!40101 SET character_set_client = @saved_cs_client */;

--
-- Dumping data for table `contenido_actor`
--

LOCK TABLES `contenido_actor` WRITE;
/*!40000 ALTER TABLE `contenido_actor` DISABLE KEYS */;
INSERT INTO `contenido_actor` VALUES (3,2),(3,5),(3,6),(3,24),(3,33),(3,34),(4,35),(4,36),(4,37),(4,38),(4,39),(4,40),(5,41),(5,42),(5,43),(5,44),(5,45),(5,46),(2,47),(2,48),(2,49),(2,50),(2,51),(2,52),(1,53),(1,54),(1,56),(1,57),(1,83),(1,86),(6,88),(6,89),(6,91),(6,86),(6,93),(6,95),(7,98),(7,100),(7,102),(7,104),(7,107),(7,109),(8,111),(8,114),(8,115),(8,116),(8,117),(8,118),(9,123),(9,126),(9,128),(9,130),(9,132),(9,134),(10,136),(10,138),(10,140),(10,142),(10,144),(10,146),(11,148),(11,150),(11,152),(11,154),(11,156),(11,159),(11,161),(12,162),(12,163),(12,164),(12,165),(12,167),(12,172),(13,174),(13,176),(13,179),(13,181),(13,183),(13,185),(14,187),(14,189),(14,191),(14,193),(14,196),(14,198),(15,200),(15,201),(15,205),(15,206),(15,208),(15,210),(16,212),(16,214),(16,216),(16,218),(16,220),(16,224),(16,226),(16,227),(16,228),(16,229),(16,237),(16,239),(16,240),(16,242),(16,246),(16,248),(16,249),(16,250),(16,251),(16,252),(16,253),(16,254),(17,255),(17,257),(17,259),(17,260),(17,261),(17,262),(18,266),(18,268),(18,269),(18,271),(18,273),(18,274),(19,276),(19,278),(19,279),(19,281),(19,282),(19,285),(20,287),(20,289),(20,290),(20,292),(20,293),(20,294),(22,295),(22,296),(22,298),(22,299),(22,301),(22,303),(23,306),(23,266),(23,308),(23,310),(23,311),(23,312),(24,313),(24,315),(24,317),(24,318),(24,320),(24,321),(25,323),(25,325),(25,326),(25,328),(25,330),(25,332),(26,333),(26,334),(26,335),(26,337),(27,339),(27,340),(27,343),(27,345),(27,347),(27,348),(28,350),(28,325),(28,352),(28,353),(28,355),(28,361),(28,1),(29,117),(29,3),(29,4),(29,7),(29,8),(29,9),(29,10),(30,325),(30,266),(30,11),(30,12),(30,13),(30,14),(30,15),(31,16),(31,17),(31,18),(31,19),(31,20),(31,21),(31,22),(32,23),(32,25),(32,26),(32,27),(32,28),(32,29),(32,30),(33,31),(33,32),(33,55),(33,58),(33,59),(33,60),(33,61),(34,62),(34,63),(34,64),(34,65),(34,66),(34,67),(35,68),(35,69),(35,70),(35,71),(35,72),(35,73),(36,169),(36,75),(36,76),(36,77),(36,78),(36,79),(36,80),(37,81),(37,82),(37,84),(37,85),(37,87),(37,90),(37,92),(37,94),(38,96),(38,97),(38,99),(38,101),(38,103),(38,105),(38,106),(38,108),(38,110),(39,112),(39,113),(39,119),(39,120),(39,121),(39,122),(39,124),(39,125),(40,127),(40,129),(40,131),(40,133),(41,135),(41,89),(41,137),(41,139),(41,141),(41,143),(41,145),(41,147),(41,149),(42,151),(42,153),(42,155),(42,157),(42,158),(42,160),(42,166),(42,168),(42,169),(42,170),(43,171),(43,173),(43,175),(43,177),(43,178),(43,180),(43,182),(43,184),(43,186),(44,188),(44,4),(44,190),(44,88),(44,192),(44,194),(44,195),(44,NULL),(44,202),(45,203),(45,204),(45,220),(45,207),(45,209),(45,211),(45,213),(45,215),(49,217),(49,219),(49,221),(49,190),(49,222),(49,223),(49,225),(49,306),(49,230),(46,231),(46,232),(46,233),(46,234),(46,220),(46,235),(46,236),(46,238),(46,241),(47,243),(47,244),(47,245),(47,349),(47,256),(47,258),(47,263),(47,264),(47,265),(48,267),(48,270),(48,272),(48,275),(48,277),(48,280),(48,283),(48,284),(48,286),(50,288),(50,291),(50,297),(50,300),(50,302),(50,304),(50,305),(50,307),(50,309),(50,314),(51,316),(51,319),(51,322),(51,324),(51,327),(51,329),(51,331),(51,336),(51,338),(52,341),(52,342),(52,344),(52,205),(52,346),(52,349),(52,351),(52,354),(52,356),(53,357),(53,358),(53,359),(53,360),(53,362),(53,363),(53,364),(53,365),(53,366),(54,367),(54,368),(54,369),(54,370),(54,371),(54,148),(54,372),(54,373),(54,374),(55,375),(55,376),(55,220),(55,377),(55,378),(55,328),(55,379),(55,380),(55,381),(56,382),(56,25),(56,383),(56,352),(56,384),(56,386),(56,387),(56,390),(56,391),(57,392),(57,393),(57,394),(57,395),(57,396),(57,398),(57,400),(57,402),(57,404),(58,135),(58,405),(58,406),(58,407),(58,408),(58,409),(58,402),(58,257),(58,410),(58,260),(59,411),(59,412),(59,413),(59,414),(59,415),(59,417),(59,419),(59,422),(59,423),(59,425),(59,427),(59,429),(59,393),(59,431),(59,432),(59,433),(59,435),(59,439),(59,441),(60,412),(60,442),(60,443),(60,445),(60,447),(60,449),(60,451),(60,453),(60,455),(60,457),(60,459),(60,460),(60,461),(60,462),(60,463),(60,415),(60,465),(60,411),(60,466),(61,467),(61,468),(61,469),(61,470),(61,471),(61,472),(61,473),(61,474),(61,475),(62,477),(62,480),(62,481),(62,41),(62,483),(62,485),(62,20),(62,487),(62,489),(63,491),(63,493),(63,489),(63,495),(63,500),(63,501),(63,502),(63,504),(63,506),(64,489),(64,508),(64,511),(64,512),(64,514),(64,516),(64,518),(64,520),(64,522),(64,524),(64,526),(64,528),(64,531),(64,532),(64,534),(64,536),(64,540),(64,9),(65,251),(65,542),(65,543),(65,544),(65,545),(65,546),(65,547),(65,548),(65,549),(65,550),(65,552),(65,554),(65,556),(66,355),(66,558),(66,560),(66,564),(66,565),(66,566),(66,567),(66,569),(66,571),(66,415),(66,70),(66,573),(66,575),(66,577),(66,579),(67,581),(67,583),(67,587),(67,589),(67,593),(67,594),(67,595),(67,597),(67,599),(68,601),(68,603),(68,604),(68,605),(68,606),(68,607),(68,608),(68,609),(68,610),(68,611),(68,612),(68,613),(68,385),(68,388),(68,389),(68,397),(68,57),(68,399),(68,401),(68,403),(68,416),(68,418),(68,420),(68,421),(68,424),(68,426),(68,428),(68,430),(68,434),(68,436),(68,437),(68,438),(68,440),(68,444),(68,446),(68,448),(68,450),(68,452),(68,454),(68,456),(68,458),(68,476),(68,478),(68,479),(68,482),(68,484),(68,427),(68,486),(68,45),(68,488),(68,490),(68,492),(68,494),(68,496),(68,351),(68,497),(68,498),(68,499),(68,503),(68,505),(68,507),(68,249),(68,251),(68,509),(68,510),(68,513),(68,515),(68,517),(68,23),(68,259),(68,519),(69,521),(69,523),(69,525),(69,527),(69,529),(69,530),(69,533),(69,535),(69,537),(70,98),(70,117),(70,145),(70,105),(70,538),(70,25),(70,539),(70,541),(70,551),(71,553),(71,555),(71,557),(71,559),(71,561),(71,562),(71,563),(71,568),(71,570),(72,89),(72,101),(72,16),(72,572),(72,574),(72,576),(72,578),(72,200),(72,580),(72,582),(72,584),(72,585),(73,586),(73,588),(73,590),(73,591),(73,592),(73,596),(73,598),(73,600),(73,602),(73,614),(73,615),(73,616),(73,617),(73,160),(73,618),(21,586),(21,588),(21,590),(21,591),(21,619),(21,592),(21,596),(21,598),(21,600),(21,602),(21,614),(21,615),(21,616),(21,617),(21,160),(21,618),(21,620),(21,621),(74,137),(74,622),(74,11),(74,2),(74,623),(74,149),(74,624),(74,625),(74,626),(75,135),(75,127),(75,79),(75,332),(75,627),(75,628),(75,629),(75,560),(75,630),(75,631),(75,632),(75,633),(75,634),(75,635),(75,636),(75,637),(75,638),(75,639),(76,640),(76,641),(76,642),(76,600),(76,643),(76,644),(76,645),(76,646),(76,647),(76,NULL),(76,649),(76,650),(76,651),(76,652),(78,653),(78,654),(78,655),(78,656),(78,657),(78,658),(78,659),(78,660),(78,661),(78,662),(78,663),(78,546),(78,664),(79,546),(79,665),(79,666),(79,667),(79,668),(79,669),(79,362),(79,670),(79,671),(80,672),(80,673),(80,553),(80,674),(80,675),(80,676),(80,677),(80,405),(80,678),(80,679),(80,680),(80,681),(80,682),(80,683),(80,684),(81,685),(81,686),(81,687),(81,65),(81,688),(81,689),(81,690),(81,691),(81,692),(82,25),(82,23),(82,422),(82,693),(82,694),(82,695),(82,294),(82,696),(82,697),(82,698),(82,699),(82,700),(82,701),(83,702),(83,703),(83,704),(83,705),(83,10),(83,706),(83,707),(83,708),(83,709),(84,710),(84,711),(84,712),(84,713),(84,714),(84,715),(84,716),(84,NULL),(84,718),(85,661),(85,719),(85,720),(85,721),(85,722),(85,723),(85,724),(85,725),(85,726),(86,94),(86,727),(86,728),(86,729),(86,730),(86,731),(86,732),(86,733),(87,734),(87,735),(87,736),(87,737),(87,738),(87,739),(87,740),(87,741),(87,742),(88,743),(88,744),(88,745),(88,746),(88,747),(88,748),(88,749),(88,750),(88,751),(89,231),(89,752),(89,753),(89,561),(89,377),(89,754),(89,755),(89,756),(89,757),(90,758),(90,759),(90,760),(90,268),(90,761),(90,762),(90,763),(90,764),(90,765),(91,443),(91,766),(91,767),(91,67),(91,768),(91,769),(91,770),(91,771),(91,NULL),(92,590),(92,773),(92,774),(92,775),(92,776),(92,777),(92,778),(92,779),(92,295),(93,780),(93,781),(93,782),(93,783),(93,784),(93,785),(93,786),(93,787),(93,788),(94,661),(94,789),(94,790),(94,791),(94,792),(94,103),(94,793),(94,794),(94,795),(94,796),(94,76),(94,797),(94,798),(94,799),(94,800),(94,801),(94,802),(94,302),(94,803),(94,407),(95,804),(95,805),(95,806),(95,807),(95,808),(95,809),(95,810),(95,811),(95,812),(95,813),(95,814),(95,815),(95,816),(96,817),(96,818),(96,819),(96,820),(96,821),(96,822),(96,107),(96,823),(96,824),(97,64),(97,711),(97,467),(97,NULL),(97,826),(97,205),(97,827),(97,479),(97,358),(97,623),(97,828),(97,829),(97,473),(97,830),(97,572),(97,520),(97,831),(98,832),(98,833),(98,834),(98,835),(98,836),(98,837),(98,838),(98,839),(98,840);
/*!40000 ALTER TABLE `contenido_actor` ENABLE KEYS */;
UNLOCK TABLES;

--
-- Table structure for table `contenido_genero`
--

DROP TABLE IF EXISTS `contenido_genero`;
/*!40101 SET @saved_cs_client     = @@character_set_client */;
/*!50503 SET character_set_client = utf8mb4 */;
CREATE TABLE `contenido_genero` (
  `id` int NOT NULL,
  `gene_id` int NOT NULL DEFAULT '0',
  KEY `contenido_genero_FK0_idx` (`id`),
  KEY `contenido_genero_fk1_idx` (`gene_id`),
  CONSTRAINT `contenido_genero_fk0` FOREIGN KEY (`id`) REFERENCES `contenido` (`peli_id`) ON DELETE RESTRICT ON UPDATE RESTRICT,
  CONSTRAINT `contenido_genero_fk1` FOREIGN KEY (`gene_id`) REFERENCES `genero` (`gen_id`) ON DELETE RESTRICT ON UPDATE CASCADE
) ENGINE=InnoDB DEFAULT CHARSET=utf8mb3;
/*!40101 SET character_set_client = @saved_cs_client */;

--
-- Dumping data for table `contenido_genero`
--

LOCK TABLES `contenido_genero` WRITE;
/*!40000 ALTER TABLE `contenido_genero` DISABLE KEYS */;
INSERT INTO `contenido_genero` VALUES (1,8),(2,4),(3,20),(4,20),(5,4),(6,4),(7,10),(8,20),(9,2),(10,20),(11,12),(12,12),(13,13),(14,20),(15,8),(16,20),(17,4),(18,3),(19,20),(20,20),(21,2),(22,10),(23,17),(24,20),(25,8),(26,10),(27,17),(28,4),(29,3),(30,20),(31,20),(32,11),(33,17),(34,8),(35,20),(36,8),(37,8),(38,8),(39,3),(40,20),(41,3),(42,12),(43,3),(44,10),(45,10),(46,8),(47,17),(48,17),(49,17),(50,12),(51,13),(52,8),(53,8),(54,8),(55,8),(56,20),(57,10),(58,8),(59,20),(60,20),(61,10),(62,8),(63,12),(64,20),(65,3),(66,4),(67,8),(68,20),(69,4),(70,20),(71,3),(72,3),(73,2),(74,2),(75,11),(76,8),(78,11),(79,8),(80,12),(81,20),(82,11),(83,11),(84,13),(85,13),(86,13),(87,17),(88,17),(89,11),(90,12),(91,4),(92,12),(93,13),(94,12),(95,12),(96,10),(97,8),(98,13);
/*!40000 ALTER TABLE `contenido_genero` ENABLE KEYS */;
UNLOCK TABLES;

--
-- Table structure for table `genero`
--

DROP TABLE IF EXISTS `genero`;
/*!40101 SET @saved_cs_client     = @@character_set_client */;
/*!50503 SET character_set_client = utf8mb4 */;
CREATE TABLE `genero` (
  `gen_id` int NOT NULL AUTO_INCREMENT,
  `nombre` varchar(20) DEFAULT NULL,
  PRIMARY KEY (`gen_id`),
  UNIQUE KEY `gen_id` (`gen_id`)
) ENGINE=InnoDB AUTO_INCREMENT=24 DEFAULT CHARSET=utf8mb3;
/*!40101 SET character_set_client = @saved_cs_client */;

--
-- Dumping data for table `genero`
--

LOCK TABLES `genero` WRITE;
/*!40000 ALTER TABLE `genero` DISABLE KEYS */;
INSERT INTO `genero` VALUES (1,'Sci-Fi'),(2,'Fantasía'),(3,'Acción'),(4,'Drama'),(5,'Ficción'),(6,'Sucesos'),(7,'Misterio'),(8,'Suceso Real'),(9,'Crimen'),(10,'Suspenso'),(11,'Aventura'),(12,'Comedia'),(13,'Familia'),(14,'Western'),(15,'Tecnología'),(16,'Futurista'),(17,'Terror'),(18,'Historia'),(19,'Intriga'),(20,'Ciencia ficción'),(21,'Romance'),(22,'Musical'),(23,'Animación');
/*!40000 ALTER TABLE `genero` ENABLE KEYS */;
UNLOCK TABLES;
/*!40103 SET TIME_ZONE=@OLD_TIME_ZONE */;

/*!40101 SET SQL_MODE=@OLD_SQL_MODE */;
/*!40014 SET FOREIGN_KEY_CHECKS=@OLD_FOREIGN_KEY_CHECKS */;
/*!40014 SET UNIQUE_CHECKS=@OLD_UNIQUE_CHECKS */;
/*!40101 SET CHARACTER_SET_CLIENT=@OLD_CHARACTER_SET_CLIENT */;
/*!40101 SET CHARACTER_SET_RESULTS=@OLD_CHARACTER_SET_RESULTS */;
/*!40101 SET COLLATION_CONNECTION=@OLD_COLLATION_CONNECTION */;
/*!40111 SET SQL_NOTES=@OLD_SQL_NOTES */;

-- Dump completed on 2024-11-05 19:42:20
